Canonical ID,Seed Key,Title,Material Type,Category Key,Quantity,Unit,Condition,Source Type,Is Free,Price NIS,Owner Email,Owner Public Name,Owner Kind,Owner City,Pickup Allowed,Delivery Allowed,Description Draft,Suggested Uses,Tags,Aliases,Source File,Source Row,Source Audit ID,Original Price Raw,Pricing Resolution,Pricing Basis,Condition Basis,Availability Source,Source Note,Image Status,Source Image Ref,Extracted Image Files,Image Mapped From Source,Image Gap,Image Hosting Required,Canonicalization Confidence,Canonical Data Ready,Owner Assignment Basis
MAT-003,mat-003,ESP32 Type-C,ESP32,electronics-components,4,pieces,GOOD,WORKSHOP_SURPLUS,False,40,user49@impactloop.demo,ورشة الإبداع لتدوير الإلكترونيات,ORGANIZATION,قلقيلية,True,True,Reusable ESP32 listing prepared from documented graduation-project hardware data. Suitable for practical prototyping and learning builds.,"Robotics, sensor prototypes, automation, and learning projects.",esp32|microcontroller,,Graduation_Project_Parts .xlsx,4,MAT-003,40,SOURCE_NORMALIZED,Normalized directly from source quantity/price fields.,DEMO_DEFAULT_GOOD,AVAILABLE,,CENTER_OF_IMAGE_ANCHOR_V2,xl/media/image21.jpg,materials/MAT-003_01.jpg,True,False,True,HIGH,True,SOURCE_BATCH + SOFT_AFFINITY; category is not a restriction.
MAT-005,mat-005,Stepper Motor NEMA23 with coupler,Stepper Motor,motors-mechanical,1,pieces,GOOD,WORKSHOP_SURPLUS,False,50,user49@impactloop.demo,ورشة الإبداع لتدوير الإلكترونيات,ORGANIZATION,قلقيلية,True,True,Reusable Stepper Motor listing prepared from documented graduation-project hardware data. Suitable for practical prototyping and learning builds.,"Robotics, motion systems, CNC-style prototypes, and mechanical builds.",motor|robotics,,Graduation_Project_Parts .xlsx,6,MAT-005,50,SOURCE_NORMALIZED,Normalized directly from source quantity/price fields.,DEMO_DEFAULT_GOOD,AVAILABLE,,CENTER_OF_IMAGE_ANCHOR_V2,xl/media/image22.jpg,materials/MAT-005_01.jpg,True,False,True,HIGH,True,SOURCE_BATCH + SOFT_AFFINITY; category is not a restriction.
MAT-008,mat-008,A4988 Stepper Motor Driver,A4988 Stepper Motor Driver,electronics-components,1,pieces,GOOD,WORKSHOP_SURPLUS,False,10,user49@impactloop.demo,ورشة الإبداع لتدوير الإلكترونيات,ORGANIZATION,قلقيلية,True,True,Reusable A4988 Stepper Motor Driver listing prepared from documented graduation-project hardware data. Suitable for practical prototyping and learning builds.,"Motor control, robot motion, and automation prototypes.",motor|robotics,,Graduation_Project_Parts .xlsx,9,MAT-008,10,SOURCE_NORMALIZED,Normalized directly from source quantity/price fields.,DEMO_DEFAULT_GOOD,AVAILABLE,,CENTER_OF_IMAGE_ANCHOR_V2,xl/media/image8.jpg,materials/MAT-008_01.jpg,True,False,True,HIGH,True,SOURCE_BATCH + SOFT_AFFINITY; category is not a restriction.
MAT-009,mat-009,Metal Robotic Arm 6-DOF,Robotic Arm,motors-mechanical,1,pieces,GOOD,WORKSHOP_SURPLUS,False,550,user49@impactloop.demo,ورشة الإبداع لتدوير الإلكترونيات,ORGANIZATION,قلقيلية,True,False,Reusable Robotic Arm listing prepared from documented graduation-project hardware data. Source note: عليها تعديلات ميكانيكية لتحسين الأداء وتصميم هيكل قوي,"Repair, prototyping, maker projects, and practical learning builds.",motors_mechanical,,Graduation_Project_Parts .xlsx,10,MAT-009,550,SOURCE_NORMALIZED,Normalized directly from source quantity/price fields.,DEMO_DEFAULT_GOOD,AVAILABLE,عليها تعديلات ميكانيكية لتحسين الأداء وتصميم هيكل قوي,CENTER_OF_IMAGE_ANCHOR_V2,xl/media/image27.png,materials/MAT-009_01.png,True,False,True,HIGH,True,SOURCE_BATCH + SOFT_AFFINITY; category is not a restriction.
MAT-010,mat-010,Load Cell 1KG,Load Cell,electronics-components,3,pieces,GOOD,WORKSHOP_SURPLUS,False,15,user49@impactloop.demo,ورشة الإبداع لتدوير الإلكترونيات,ORGANIZATION,قلقيلية,True,True,Reusable Load Cell listing prepared from documented graduation-project hardware data. Suitable for practical prototyping and learning builds.,"Repair, prototyping, maker projects, and practical learning builds.",electronics_components,,Graduation_Project_Parts .xlsx,11,MAT-010,15,SOURCE_NORMALIZED,Normalized directly from source quantity/price fields.,DEMO_DEFAULT_GOOD,AVAILABLE,,CENTER_OF_IMAGE_ANCHOR_V2,xl/media/image32.jpg,materials/MAT-010_01.jpg,True,False,True,HIGH,True,SOURCE_BATCH + SOFT_AFFINITY; category is not a restriction.
MAT-011,mat-011,Load Cell 20KG,Load Cell,electronics-components,1,pieces,GOOD,WORKSHOP_SURPLUS,False,10,user49@impactloop.demo,ورشة الإبداع لتدوير الإلكترونيات,ORGANIZATION,قلقيلية,True,True,Reusable Load Cell listing prepared from documented graduation-project hardware data. Suitable for practical prototyping and learning builds.,"Repair, prototyping, maker projects, and practical learning builds.",electronics_components,,Graduation_Project_Parts .xlsx,12,MAT-011,10,SOURCE_NORMALIZED,Normalized directly from source quantity/price fields.,DEMO_DEFAULT_GOOD,AVAILABLE,,CENTER_OF_IMAGE_ANCHOR_V2,xl/media/image29.jpg,materials/MAT-011_01.jpg,True,False,True,HIGH,True,SOURCE_BATCH + SOFT_AFFINITY; category is not a restriction.
MAT-012,mat-012,HX711 Load Cell Amplifier,Load Cell,electronics-components,3,pieces,GOOD,WORKSHOP_SURPLUS,False,10,user49@impactloop.demo,ورشة الإبداع لتدوير الإلكترونيات,ORGANIZATION,قلقيلية,True,True,Reusable Load Cell listing prepared from documented graduation-project hardware data. Suitable for practical prototyping and learning builds.,"Repair, prototyping, maker projects, and practical learning builds.",electronics_components,,Graduation_Project_Parts .xlsx,13,MAT-012,10,SOURCE_NORMALIZED,Normalized directly from source quantity/price fields.,DEMO_DEFAULT_GOOD,AVAILABLE,,CENTER_OF_IMAGE_ANCHOR_V2,xl/media/image11.jpg,materials/MAT-012_01.jpg,True,False,True,HIGH,True,SOURCE_BATCH + SOFT_AFFINITY; category is not a restriction.
MAT-013,mat-013,8 Pin Connector,Connector,electronics-components,6,pieces,GOOD,WORKSHOP_SURPLUS,False,5,user49@impactloop.demo,ورشة الإبداع لتدوير الإلكترونيات,ORGANIZATION,قلقيلية,True,True,Reusable Connector listing prepared from documented graduation-project hardware data. Suitable for practical prototyping and learning builds.,"Circuit wiring, prototyping, repair, and classroom electronics.",connector|wiring,,Graduation_Project_Parts .xlsx,14,MAT-013,5,SOURCE_NORMALIZED,Normalized directly from source quantity/price fields.,DEMO_DEFAULT_GOOD,AVAILABLE,,CENTER_OF_IMAGE_ANCHOR_V2,xl/media/image2.jpg,materials/MAT-013_01.jpg,True,False,True,HIGH,True,SOURCE_BATCH + SOFT_AFFINITY; category is not a restriction.
MAT-014,mat-014,4 Pin Connector,Connector,electronics-components,1,pieces,GOOD,WORKSHOP_SURPLUS,False,2,user49@impactloop.demo,ورشة الإبداع لتدوير الإلكترونيات,ORGANIZATION,قلقيلية,True,True,Reusable Connector listing prepared from documented graduation-project hardware data. Suitable for practical prototyping and learning builds.,"Circuit wiring, prototyping, repair, and classroom electronics.",connector|wiring,,Graduation_Project_Parts .xlsx,15,MAT-014,2,SOURCE_NORMALIZED,Normalized directly from source quantity/price fields.,DEMO_DEFAULT_GOOD,AVAILABLE,,CENTER_OF_IMAGE_ANCHOR_V2,xl/media/image20.jpg,materials/MAT-014_01.jpg,True,False,True,HIGH,True,SOURCE_BATCH + SOFT_AFFINITY; category is not a restriction.
MAT-015,mat-015,IR Sensor,IR Sensor,electronics-components,5,pieces,GOOD,WORKSHOP_SURPLUS,False,10,user49@impactloop.demo,ورشة الإبداع لتدوير الإلكترونيات,ORGANIZATION,قلقيلية,True,True,Reusable IR Sensor listing prepared from documented graduation-project hardware data. Suitable for practical prototyping and learning builds.,"Measurement, monitoring, robotics, and smart-device prototypes.",sensor,,Graduation_Project_Parts .xlsx,16,MAT-015,10,SOURCE_NORMALIZED,Normalized directly from source quantity/price fields.,DEMO_DEFAULT_GOOD,AVAILABLE,,CENTER_OF_IMAGE_ANCHOR_V2,xl/media/image5.jpg,materials/MAT-015_01.jpg,True,False,True,HIGH,True,SOURCE_BATCH + SOFT_AFFINITY; category is not a restriction.
MAT-016,mat-016,Mini Limit Switch,Switch / Input Component,electronics-components,2,pieces,GOOD,WORKSHOP_SURPLUS,True,0,user49@impactloop.demo,ورشة الإبداع لتدوير الإلكترونيات,ORGANIZATION,قلقيلية,True,True,Reusable Switch / Input Component listing prepared from documented graduation-project hardware data. Suitable for practical prototyping and learning builds.,"Circuit wiring, prototyping, repair, and classroom electronics.",switch|electronics,,Graduation_Project_Parts .xlsx,17,MAT-016,FREE,SOURCE_NORMALIZED,Normalized directly from source quantity/price fields.,DEMO_DEFAULT_GOOD,AVAILABLE,,CENTER_OF_IMAGE_ANCHOR_V2,xl/media/image34.jpg,materials/MAT-016_01.jpg,True,False,True,HIGH,True,SOURCE_BATCH + SOFT_AFFINITY; category is not a restriction.
MAT-017,mat-017,MQ2 Gas Sensor,MQ-2 Gas Sensor,electronics-components,1,pieces,GOOD,WORKSHOP_SURPLUS,False,10,user49@impactloop.demo,ورشة الإبداع لتدوير الإلكترونيات,ORGANIZATION,قلقيلية,True,True,Reusable MQ-2 Gas Sensor listing prepared from documented graduation-project hardware data. Suitable for practical prototyping and learning builds.,"Measurement, monitoring, robotics, and smart-device prototypes.",sensor,,Graduation_Project_Parts .xlsx,18,MAT-017,10,SOURCE_NORMALIZED,Normalized directly from source quantity/price fields.,DEMO_DEFAULT_GOOD,AVAILABLE,,CENTER_OF_IMAGE_ANCHOR_V2,xl/media/image3.jpg,materials/MAT-017_01.jpg,True,False,True,HIGH,True,SOURCE_BATCH + SOFT_AFFINITY; category is not a restriction.
MAT-018,mat-018,DHT11 Temperature and Humidity Sensor,Temperature/Humidity Sensor,electronics-components,1,pieces,GOOD,WORKSHOP_SURPLUS,False,10,user49@impactloop.demo,ورشة الإبداع لتدوير الإلكترونيات,ORGANIZATION,قلقيلية,True,True,Reusable Temperature/Humidity Sensor listing prepared from documented graduation-project hardware data. Suitable for practical prototyping and learning builds.,"Measurement, monitoring, robotics, and smart-device prototypes.",sensor,,Graduation_Project_Parts .xlsx,19,MAT-018,10,SOURCE_NORMALIZED,Normalized directly from source quantity/price fields.,DEMO_DEFAULT_GOOD,AVAILABLE,,CENTER_OF_IMAGE_ANCHOR_V2,xl/media/image26.jpg,materials/MAT-018_01.jpg,True,False,True,HIGH,True,SOURCE_BATCH + SOFT_AFFINITY; category is not a restriction.
MAT-019,mat-019,1 Channel Relay,Relay Module,electronics-components,1,pieces,GOOD,WORKSHOP_SURPLUS,False,10,user49@impactloop.demo,ورشة الإبداع لتدوير الإلكترونيات,ORGANIZATION,قلقيلية,True,True,Reusable Relay Module listing prepared from documented graduation-project hardware data. Suitable for practical prototyping and learning builds.,"Repair, prototyping, maker projects, and practical learning builds.",relay|electronics,,Graduation_Project_Parts .xlsx,20,MAT-019,10,SOURCE_NORMALIZED,Normalized directly from source quantity/price fields.,DEMO_DEFAULT_GOOD,AVAILABLE,,CENTER_OF_IMAGE_ANCHOR_V2,xl/media/image12.jpg,materials/MAT-019_01.jpg,True,False,True,HIGH,True,SOURCE_BATCH + SOFT_AFFINITY; category is not a restriction.
MAT-020,mat-020,4 Channel Relay,Relay Module,electronics-components,1,pieces,GOOD,WORKSHOP_SURPLUS,False,25,user49@impactloop.demo,ورشة الإبداع لتدوير الإلكترونيات,ORGANIZATION,قلقيلية,True,True,Reusable Relay Module listing prepared from documented graduation-project hardware data. Suitable for practical prototyping and learning builds.,"Repair, prototyping, maker projects, and practical learning builds.",relay|electronics,,Graduation_Project_Parts .xlsx,21,MAT-020,25,SOURCE_NORMALIZED,Normalized directly from source quantity/price fields.,DEMO_DEFAULT_GOOD,AVAILABLE,,CENTER_OF_IMAGE_ANCHOR_V2,xl/media/image7.jpg,materials/MAT-020_01.jpg,True,False,True,HIGH,True,SOURCE_BATCH + SOFT_AFFINITY; category is not a restriction.
MAT-021,mat-021,RFID PN5180 NFC Module,RFID/NFC Module,electronics-components,1,pieces,GOOD,WORKSHOP_SURPLUS,False,35,user49@impactloop.demo,ورشة الإبداع لتدوير الإلكترونيات,ORGANIZATION,قلقيلية,True,True,Reusable RFID/NFC Module listing prepared from documented graduation-project hardware data. Suitable for practical prototyping and learning builds.,"Repair, prototyping, maker projects, and practical learning builds.",electronics_components,,Graduation_Project_Parts .xlsx,22,MAT-021,35,SOURCE_NORMALIZED,Normalized directly from source quantity/price fields.,DEMO_DEFAULT_GOOD,AVAILABLE,,CENTER_OF_IMAGE_ANCHOR_V2,xl/media/image23.jpg,materials/MAT-021_01.jpg,True,False,True,HIGH,True,SOURCE_BATCH + SOFT_AFFINITY; category is not a restriction.
MAT-022,mat-022,LCD with I2C,LCD Display,electronics-components,1,pieces,GOOD,WORKSHOP_SURPLUS,False,30,user49@impactloop.demo,ورشة الإبداع لتدوير الإلكترونيات,ORGANIZATION,قلقيلية,True,True,Reusable LCD Display listing prepared from documented graduation-project hardware data. Suitable for practical prototyping and learning builds.,"Repair, prototyping, maker projects, and practical learning builds.",electronics_components,,Graduation_Project_Parts .xlsx,23,MAT-022,30,SOURCE_NORMALIZED,Normalized directly from source quantity/price fields.,DEMO_DEFAULT_GOOD,AVAILABLE,,CENTER_OF_IMAGE_ANCHOR_V2,xl/media/image1.jpg,materials/MAT-022_01.jpg,True,False,True,HIGH,True,SOURCE_BATCH + SOFT_AFFINITY; category is not a restriction.
MAT-023,mat-023,3.5 Inch TFT Touch Screen,TFT Display,electronics-components,1,pieces,GOOD,WORKSHOP_SURPLUS,False,90,user49@impactloop.demo,ورشة الإبداع لتدوير الإلكترونيات,ORGANIZATION,قلقيلية,True,True,Reusable TFT Display listing prepared from documented graduation-project hardware data. Suitable for practical prototyping and learning builds.,"Repair, prototyping, maker projects, and practical learning builds.",electronics_components,,Graduation_Project_Parts .xlsx,24,MAT-023,90,SOURCE_NORMALIZED,Normalized directly from source quantity/price fields.,DEMO_DEFAULT_GOOD,AVAILABLE,,CENTER_OF_IMAGE_ANCHOR_V2,xl/media/image25.jpg,materials/MAT-023_01.jpg,True,False,True,HIGH,True,SOURCE_BATCH + SOFT_AFFINITY; category is not a restriction.
MAT-024,mat-024,Arduino UNO with cable,Arduino Uno,electronics-components,1,pieces,GOOD,WORKSHOP_SURPLUS,False,20,user49@impactloop.demo,ورشة الإبداع لتدوير الإلكترونيات,ORGANIZATION,قلقيلية,True,True,Reusable Arduino Uno listing prepared from documented graduation-project hardware data. Suitable for practical prototyping and learning builds.,"Robotics, sensor prototypes, automation, and learning projects.",arduino|microcontroller,,Graduation_Project_Parts .xlsx,25,MAT-024,20,SOURCE_NORMALIZED,Normalized directly from source quantity/price fields.,DEMO_DEFAULT_GOOD,AVAILABLE,,CENTER_OF_IMAGE_ANCHOR_V2,xl/media/image30.png,materials/MAT-024_01.png,True,False,True,HIGH,True,SOURCE_BATCH + SOFT_AFFINITY; category is not a restriction.
MAT-025,mat-025,Rotary Encoder Switch Module + Button Cap,Switch / Input Component,electronics-components,1,pieces,GOOD,WORKSHOP_SURPLUS,False,15,user49@impactloop.demo,ورشة الإبداع لتدوير الإلكترونيات,ORGANIZATION,قلقيلية,True,True,Reusable Switch / Input Component listing prepared from documented graduation-project hardware data. Suitable for practical prototyping and learning builds.,"Circuit wiring, prototyping, repair, and classroom electronics.",switch|electronics,,Graduation_Project_Parts .xlsx,26,MAT-025,15,SOURCE_NORMALIZED,Normalized directly from source quantity/price fields.,DEMO_DEFAULT_GOOD,AVAILABLE,,CENTER_OF_IMAGE_ANCHOR_V2,xl/media/image13.jpg,materials/MAT-025_01.jpg,True,False,True,HIGH,True,SOURCE_BATCH + SOFT_AFFINITY; category is not a restriction.
MAT-026,mat-026,Short Arduino Cable,USB/Data Cable,electronics-components,2,pieces,GOOD,WORKSHOP_SURPLUS,True,0,user49@impactloop.demo,ورشة الإبداع لتدوير الإلكترونيات,ORGANIZATION,قلقيلية,True,True,Reusable USB/Data Cable listing prepared from documented graduation-project hardware data. Suitable for practical prototyping and learning builds.,"Circuit wiring, prototyping, repair, and classroom electronics.",cable|wiring,,Graduation_Project_Parts .xlsx,27,MAT-026,FREE,SOURCE_NORMALIZED,Normalized directly from source quantity/price fields.,DEMO_DEFAULT_GOOD,AVAILABLE,,CENTER_OF_IMAGE_ANCHOR_V2,xl/media/image4.jpg,materials/MAT-026_01.jpg,True,False,True,HIGH,True,SOURCE_BATCH + SOFT_AFFINITY; category is not a restriction.
MAT-027,mat-027,4700uF Capacitor,Capacitor,electronics-components,1,pieces,GOOD,WORKSHOP_SURPLUS,True,0,user49@impactloop.demo,ورشة الإبداع لتدوير الإلكترونيات,ORGANIZATION,قلقيلية,True,True,Reusable Capacitor listing prepared from documented graduation-project hardware data. Suitable for practical prototyping and learning builds.,"Repair, prototyping, maker projects, and practical learning builds.",electronics_components,,Graduation_Project_Parts .xlsx,28,MAT-027,FREE,SOURCE_NORMALIZED,Normalized directly from source quantity/price fields.,DEMO_DEFAULT_GOOD,AVAILABLE,,CENTER_OF_IMAGE_ANCHOR_V2,xl/media/image19.jpg,materials/MAT-027_01.jpg,True,False,True,HIGH,True,SOURCE_BATCH + SOFT_AFFINITY; category is not a restriction.
MAT-028,mat-028,Breadboard,Breadboard,electronics-components,2,pieces,GOOD,WORKSHOP_SURPLUS,False,5,user49@impactloop.demo,ورشة الإبداع لتدوير الإلكترونيات,ORGANIZATION,قلقيلية,True,True,Reusable Breadboard listing prepared from documented graduation-project hardware data. Suitable for practical prototyping and learning builds.,"Circuit wiring, prototyping, repair, and classroom electronics.",breadboard|prototyping,,Graduation_Project_Parts .xlsx,29,MAT-028,5,SOURCE_NORMALIZED,Normalized directly from source quantity/price fields.,DEMO_DEFAULT_GOOD,AVAILABLE,,CENTER_OF_IMAGE_ANCHOR_V2,xl/media/image15.jpg,materials/MAT-028_01.jpg,True,False,True,HIGH,True,SOURCE_BATCH + SOFT_AFFINITY; category is not a restriction.
MAT-029,mat-029,Microphone M830,Microphone Module,electronics-components,1,pieces,GOOD,WORKSHOP_SURPLUS,False,65,user49@impactloop.demo,ورشة الإبداع لتدوير الإلكترونيات,ORGANIZATION,قلقيلية,True,True,Reusable Microphone Module listing prepared from documented graduation-project hardware data. Suitable for practical prototyping and learning builds.,"Repair, prototyping, maker projects, and practical learning builds.",electronics_components,,Graduation_Project_Parts .xlsx,30,MAT-029,65,SOURCE_NORMALIZED,Normalized directly from source quantity/price fields.,DEMO_DEFAULT_GOOD,AVAILABLE,,CENTER_OF_IMAGE_ANCHOR_V2,xl/media/image6.jpg,materials/MAT-029_01.jpg,True,False,True,HIGH,True,SOURCE_BATCH + SOFT_AFFINITY; category is not a restriction.
MAT-030,mat-030,MG996R Metal Gear Servo Motor 180°,Servo Motor,motors-mechanical,6,pieces,GOOD,WORKSHOP_SURPLUS,False,45,user49@impactloop.demo,ورشة الإبداع لتدوير الإلكترونيات,ORGANIZATION,قلقيلية,True,True,Reusable Servo Motor listing prepared from documented graduation-project hardware data. Source note: جديد غير مستخدم,"Robotics, motion systems, CNC-style prototypes, and mechanical builds.",motor|robotics|servo,,Graduation_Project_Parts .xlsx,31,MAT-030,45,SOURCE_NORMALIZED,Normalized directly from source quantity/price fields.,DEMO_DEFAULT_GOOD,AVAILABLE,جديد غير مستخدم,CENTER_OF_IMAGE_ANCHOR_V2,xl/media/image9.jpg,materials/MAT-030_01.jpg,True,False,True,HIGH,True,SOURCE_BATCH + SOFT_AFFINITY; category is not a restriction.
MAT-031,mat-031,12V Fan,Fan,motors-mechanical,2,pieces,GOOD,WORKSHOP_SURPLUS,False,15,user49@impactloop.demo,ورشة الإبداع لتدوير الإلكترونيات,ORGANIZATION,قلقيلية,True,True,Reusable Fan listing prepared from documented graduation-project hardware data. Suitable for practical prototyping and learning builds.,"Robotics, motion systems, CNC-style prototypes, and mechanical builds.",motors_mechanical,,Graduation_Project_Parts .xlsx,32,MAT-031,15,SOURCE_NORMALIZED,Normalized directly from source quantity/price fields.,DEMO_DEFAULT_GOOD,AVAILABLE,,CENTER_OF_IMAGE_ANCHOR_V2,xl/media/image14.jpg,materials/MAT-031_01.jpg,True,False,True,HIGH,True,SOURCE_BATCH + SOFT_AFFINITY; category is not a restriction.
MAT-032,mat-032,Solenoid Electrical Lock,Solenoid / Electromagnet,motors-mechanical,1,pieces,GOOD,WORKSHOP_SURPLUS,False,40,user49@impactloop.demo,ورشة الإبداع لتدوير الإلكترونيات,ORGANIZATION,قلقيلية,True,True,Reusable Solenoid / Electromagnet listing prepared from documented graduation-project hardware data. Suitable for practical prototyping and learning builds.,"Robotics, motion systems, CNC-style prototypes, and mechanical builds.",motors_mechanical,,Graduation_Project_Parts .xlsx,33,MAT-032,40,SOURCE_NORMALIZED,Normalized directly from source quantity/price fields.,DEMO_DEFAULT_GOOD,AVAILABLE,,CENTER_OF_IMAGE_ANCHOR_V2,xl/media/image17.jpg,materials/MAT-032_01.jpg,True,False,True,HIGH,True,SOURCE_BATCH + SOFT_AFFINITY; category is not a restriction.
MAT-033,mat-033,Power Supply 230W with cable,Power Supply,power-batteries,1,pieces,GOOD,WORKSHOP_SURPLUS,False,30,user49@impactloop.demo,ورشة الإبداع لتدوير الإلكترونيات,ORGANIZATION,قلقيلية,True,True,Reusable Power Supply listing prepared from documented graduation-project hardware data. Suitable for practical prototyping and learning builds.,"Powering electronics, portable prototypes, charging, and voltage regulation.",power-supply|power,,Graduation_Project_Parts .xlsx,34,MAT-033,30,SOURCE_NORMALIZED,Normalized directly from source quantity/price fields.,DEMO_DEFAULT_GOOD,AVAILABLE,,CENTER_OF_IMAGE_ANCHOR_V2,xl/media/image28.jpg,materials/MAT-033_01.jpg,True,False,True,HIGH,True,SOURCE_BATCH + SOFT_AFFINITY; category is not a restriction.
MAT-035,mat-035,raspberry pi 4 model B 2GB RAM +case +heat sinks+adapter+sd card,Raspberry Pi,electronics-components,1,pieces,GOOD,WORKSHOP_SURPLUS,False,270,user25@impactloop.demo,مؤسسة دائرة الحياة للاستدامة,ORGANIZATION,القدس,True,True,Reusable Raspberry Pi listing prepared from documented graduation-project hardware data. Source note: امكانية استلام القطع في الأكاديمية,"Robotics, sensor prototypes, automation, and learning projects.",raspberry-pi|single-board-computer,,Hardware Components.xlsx,2,MAT-035,270,SOURCE_NORMALIZED,Normalized directly from source quantity/price fields.,DEMO_DEFAULT_GOOD,AVAILABLE,امكانية استلام القطع في الأكاديمية,CENTER_OF_IMAGE_ANCHOR_V2,xl/media/image6.png,materials/MAT-035_01.png,True,False,True,HIGH,True,SOURCE_BATCH + SOFT_AFFINITY; category is not a restriction.
MAT-036,mat-036,raspberry pi camera_V2 model_+ 50cm Wire +camera case,Camera Module,electronics-components,1,pieces,GOOD,WORKSHOP_SURPLUS,False,160,user25@impactloop.demo,مؤسسة دائرة الحياة للاستدامة,ORGANIZATION,القدس,True,True,Reusable Camera Module listing prepared from documented graduation-project hardware data. Suitable for practical prototyping and learning builds.,"Measurement, monitoring, robotics, and smart-device prototypes.",electronics_components,,Hardware Components.xlsx,3,MAT-036,160,SOURCE_NORMALIZED,Normalized directly from source quantity/price fields.,DEMO_DEFAULT_GOOD,AVAILABLE,,CENTER_OF_IMAGE_ANCHOR_V2,xl/media/image13.jpg; xl/media/image20.png,materials/MAT-036_01.jpg; materials/MAT-036_02.png,True,False,True,HIGH,True,SOURCE_BATCH + SOFT_AFFINITY; category is not a restriction.
MAT-037,mat-037,12v Piston valve,Pneumatic Component,motors-mechanical,1,pieces,GOOD,WORKSHOP_SURPLUS,False,65,user25@impactloop.demo,مؤسسة دائرة الحياة للاستدامة,ORGANIZATION,القدس,True,False,Reusable Pneumatic Component listing prepared from documented graduation-project hardware data. Suitable for practical prototyping and learning builds.,"Repair, prototyping, maker projects, and practical learning builds.",motors_mechanical,,Hardware Components.xlsx,4,MAT-037,65,SOURCE_NORMALIZED,Normalized directly from source quantity/price fields.,DEMO_DEFAULT_GOOD,AVAILABLE,,CENTER_OF_IMAGE_ANCHOR_V2,xl/media/image26.png,materials/MAT-037_01.png,True,False,True,HIGH,True,SOURCE_BATCH + SOFT_AFFINITY; category is not a restriction.
MAT-038,mat-038,air Piston + برابيش 6مم (2cm when OFF 4cm when ON),Pneumatic Component,motors-mechanical,1,pieces,GOOD,WORKSHOP_SURPLUS,False,50,user25@impactloop.demo,مؤسسة دائرة الحياة للاستدامة,ORGANIZATION,القدس,True,False,Reusable Pneumatic Component listing prepared from documented graduation-project hardware data. Suitable for practical prototyping and learning builds.,"Repair, prototyping, maker projects, and practical learning builds.",motors_mechanical,,Hardware Components.xlsx,5,MAT-038,50,SOURCE_NORMALIZED,Normalized directly from source quantity/price fields.,DEMO_DEFAULT_GOOD,AVAILABLE,,CENTER_OF_IMAGE_ANCHOR_V2,xl/media/image10.jpg,materials/MAT-038_01.jpg,True,False,True,HIGH,True,SOURCE_BATCH + SOFT_AFFINITY; category is not a restriction.
MAT-039,mat-039,12 volt PowerSupply-up to29 A+ cable,Power Supply,power-batteries,1,pieces,GOOD,WORKSHOP_SURPLUS,False,70,user25@impactloop.demo,مؤسسة دائرة الحياة للاستدامة,ORGANIZATION,القدس,True,True,Reusable Power Supply listing prepared from documented graduation-project hardware data. Suitable for practical prototyping and learning builds.,"Powering electronics, portable prototypes, charging, and voltage regulation.",power-supply|power,,Hardware Components.xlsx,6,MAT-039,70,SOURCE_NORMALIZED,Normalized directly from source quantity/price fields.,DEMO_DEFAULT_GOOD,AVAILABLE,,CENTER_OF_IMAGE_ANCHOR_V2,xl/media/image16.png,materials/MAT-039_01.png,True,False,True,HIGH,True,SOURCE_BATCH + SOFT_AFFINITY; category is not a restriction.
MAT-040,mat-040,4chnnel relay (3 only working),Relay Module,electronics-components,1,pieces,GOOD,WORKSHOP_SURPLUS,False,25,user25@impactloop.demo,مؤسسة دائرة الحياة للاستدامة,ORGANIZATION,القدس,True,True,Reusable Relay Module listing prepared from documented graduation-project hardware data. Source note: good for RGB LEDs,"Repair, prototyping, maker projects, and practical learning builds.",relay|electronics,,Hardware Components.xlsx,7,MAT-040,25,SOURCE_NORMALIZED,Normalized directly from source quantity/price fields.,DEMO_DEFAULT_GOOD,AVAILABLE,good for RGB LEDs,CENTER_OF_IMAGE_ANCHOR_V2,xl/media/image4.png,materials/MAT-040_01.png,True,False,True,HIGH,True,SOURCE_BATCH + SOFT_AFFINITY; category is not a restriction.
MAT-041,mat-041,speakers,Speaker,electronics-components,1,pieces,GOOD,WORKSHOP_SURPLUS,False,15,user25@impactloop.demo,مؤسسة دائرة الحياة للاستدامة,ORGANIZATION,القدس,True,True,Reusable Speaker listing prepared from documented graduation-project hardware data. Suitable for practical prototyping and learning builds.,"Repair, prototyping, maker projects, and practical learning builds.",electronics_components,,Hardware Components.xlsx,8,MAT-041,15,SOURCE_NORMALIZED,Normalized directly from source quantity/price fields.,DEMO_DEFAULT_GOOD,AVAILABLE,,CENTER_OF_IMAGE_ANCHOR_V2,xl/media/image5.png,materials/MAT-041_01.png,True,False,True,HIGH,True,SOURCE_BATCH + SOFT_AFFINITY; category is not a restriction.
MAT-042,mat-042,5-6V electromagnet,Solenoid / Electromagnet,motors-mechanical,1,pieces,GOOD,WORKSHOP_SURPLUS,False,5,user25@impactloop.demo,مؤسسة دائرة الحياة للاستدامة,ORGANIZATION,القدس,True,True,Reusable Solenoid / Electromagnet listing prepared from documented graduation-project hardware data. Suitable for practical prototyping and learning builds.,"Robotics, motion systems, CNC-style prototypes, and mechanical builds.",motors_mechanical,,Hardware Components.xlsx,9,MAT-042,5,SOURCE_NORMALIZED,Normalized directly from source quantity/price fields.,DEMO_DEFAULT_GOOD,AVAILABLE,,CENTER_OF_IMAGE_ANCHOR_V2,xl/media/image8.png,materials/MAT-042_01.png,True,False,True,HIGH,True,SOURCE_BATCH + SOFT_AFFINITY; category is not a restriction.
MAT-043,mat-043,12 volt DC drill motor,DC Motor,motors-mechanical,1,pieces,GOOD,WORKSHOP_SURPLUS,False,15,user25@impactloop.demo,مؤسسة دائرة الحياة للاستدامة,ORGANIZATION,القدس,True,True,Reusable DC Motor listing prepared from documented graduation-project hardware data. Source note: تواصلوا مع حلا,"Robotics, motion systems, CNC-style prototypes, and mechanical builds.",motor|robotics,,Hardware Components.xlsx,10,MAT-043,15,SOURCE_NORMALIZED,Normalized directly from source quantity/price fields.,DEMO_DEFAULT_GOOD,AVAILABLE,تواصلوا مع حلا,CENTER_OF_IMAGE_ANCHOR_V2,xl/media/image14.png; xl/media/image27.jpg,materials/MAT-043_01.png; materials/MAT-043_02.jpg,True,False,True,HIGH,True,SOURCE_BATCH + SOFT_AFFINITY; category is not a restriction.
MAT-044,mat-044,Arduino UNO R3 Development Board ATmega328p ATMEGA16U2,Arduino Uno,electronics-components,1,pieces,GOOD,WORKSHOP_SURPLUS,False,30,user25@impactloop.demo,مؤسسة دائرة الحياة للاستدامة,ORGANIZATION,القدس,True,True,Reusable Arduino Uno listing prepared from documented graduation-project hardware data. Source note: تواصلوا مع حلا,"Robotics, sensor prototypes, automation, and learning projects.",arduino|microcontroller,,Hardware Components.xlsx,11,MAT-044,30,SOURCE_NORMALIZED,Normalized directly from source quantity/price fields.,DEMO_DEFAULT_GOOD,AVAILABLE,تواصلوا مع حلا,CENTER_OF_IMAGE_ANCHOR_V2,xl/media/image11.png,materials/MAT-044_01.png,True,False,True,HIGH,True,SOURCE_BATCH + SOFT_AFFINITY; category is not a restriction.
MAT-045,mat-045,ESP8266 NodeMCU CP2102 WiFi Development Board (with 50cm wire),ESP8266 Development Board,electronics-components,1,pieces,GOOD,WORKSHOP_SURPLUS,False,50,user25@impactloop.demo,مؤسسة دائرة الحياة للاستدامة,ORGANIZATION,القدس,True,True,Reusable ESP8266 Development Board listing prepared from documented graduation-project hardware data. Source note: تواصلوا مع حلا,"Repair, prototyping, maker projects, and practical learning builds.",electronics_components,,Hardware Components.xlsx,12,MAT-045,50,SOURCE_NORMALIZED,Normalized directly from source quantity/price fields.,DEMO_DEFAULT_GOOD,AVAILABLE,تواصلوا مع حلا,CENTER_OF_IMAGE_ANCHOR_V2,xl/media/image15.png,materials/MAT-045_01.png,True,False,True,HIGH,True,SOURCE_BATCH + SOFT_AFFINITY; category is not a restriction.
MAT-046,mat-046,200cm RGB LEDs 12V (كل ليد لون منفصل مثل الصورة),LED / Lighting Component,electronics-components,2,pieces,GOOD,WORKSHOP_SURPLUS,False,15,user25@impactloop.demo,مؤسسة دائرة الحياة للاستدامة,ORGANIZATION,القدس,True,True,Reusable LED / Lighting Component listing prepared from documented graduation-project hardware data. Suitable for practical prototyping and learning builds.,"Repair, prototyping, maker projects, and practical learning builds.",electronics_components,,Hardware Components.xlsx,13,MAT-046,15,SOURCE_NORMALIZED,Normalized directly from source quantity/price fields.,DEMO_DEFAULT_GOOD,AVAILABLE,,CENTER_OF_IMAGE_ANCHOR_V2,xl/media/image7.png,materials/MAT-046_01.png,True,False,True,HIGH,True,SOURCE_BATCH + SOFT_AFFINITY; category is not a restriction.
MAT-047-A,mat-047-a,LED Linear Channel 97.7 cm (1.7 cm width),LED Mounting Channel,other-reusable,3,pieces,GOOD,WORKSHOP_SURPLUS,False,8,user25@impactloop.demo,مؤسسة دائرة الحياة للاستدامة,ORGANIZATION,القدس,True,True,Reusable LED Mounting Channel listing prepared from documented graduation-project hardware data. Suitable for practical prototyping and learning builds.,"Repair, prototyping, maker projects, and practical learning builds.",other_reusable,Linears for LEDs 1.7cm width,Hardware Components.xlsx,14,MAT-047,8 for 97cm 5 for 56cm,PARSED_VARIANT_PRICE,Source states 8 NIS for each ~97 cm channel; quantity text states 3.,DEMO_DEFAULT_GOOD,AVAILABLE,,CENTER_OF_IMAGE_ANCHOR_V2,xl/media/image12.png,materials/MAT-047-A_01.png,True,False,True,HIGH,True,SOURCE_BATCH + SOFT_AFFINITY; category is not a restriction.
MAT-047-B,mat-047-b,LED Linear Channel 56 cm (1.7 cm width),LED Mounting Channel,other-reusable,1,piece,GOOD,WORKSHOP_SURPLUS,False,5,user25@impactloop.demo,مؤسسة دائرة الحياة للاستدامة,ORGANIZATION,القدس,True,True,Reusable LED Mounting Channel listing prepared from documented graduation-project hardware data. Suitable for practical prototyping and learning builds.,"Repair, prototyping, maker projects, and practical learning builds.",other_reusable,Linears for LEDs 1.7cm width,Hardware Components.xlsx,14,MAT-047,8 for 97cm 5 for 56cm,PARSED_VARIANT_PRICE,Source states 5 NIS for the 56 cm channel; quantity text states 1.,DEMO_DEFAULT_GOOD,AVAILABLE,,CENTER_OF_IMAGE_ANCHOR_V2,xl/media/image12.png,materials/MAT-047-B_01.png,True,False,True,HIGH,True,SOURCE_BATCH + SOFT_AFFINITY; category is not a restriction.
MAT-048,mat-048,electrical wire connector 5 channels,Connector,electronics-components,1,pieces,GOOD,WORKSHOP_SURPLUS,False,3,user25@impactloop.demo,مؤسسة دائرة الحياة للاستدامة,ORGANIZATION,القدس,True,True,Reusable Connector listing prepared from documented graduation-project hardware data. Suitable for practical prototyping and learning builds.,"Circuit wiring, prototyping, repair, and classroom electronics.",connector|wiring,,Hardware Components.xlsx,15,MAT-048,3,SOURCE_NORMALIZED,Normalized directly from source quantity/price fields.,DEMO_DEFAULT_GOOD,AVAILABLE,,CENTER_OF_IMAGE_ANCHOR_V2,xl/media/image2.png,materials/MAT-048_01.png,True,False,True,HIGH,True,SOURCE_BATCH + SOFT_AFFINITY; category is not a restriction.
MAT-049,mat-049,14-Channel Bundle (7+4+3),Channel Bundle,other-reusable,1,set,GOOD,WORKSHOP_SURPLUS,False,5,user25@impactloop.demo,مؤسسة دائرة الحياة للاستدامة,ORGANIZATION,القدس,True,True,Reusable Channel Bundle listing prepared from documented graduation-project hardware data. Suitable for practical prototyping and learning builds.,"Repair, prototyping, maker projects, and practical learning builds.",other_reusable,14 channel (7+4+3),Hardware Components.xlsx,17,MAT-049,كلهم ب 5,PARSED_TOTAL_PRICE,Arabic source text 'كلهم ب 5' interpreted as 5 NIS for the whole bundle.,DEMO_DEFAULT_GOOD,AVAILABLE,,CENTER_OF_IMAGE_ANCHOR_V2,xl/media/image25.png,materials/MAT-049_01.png,True,False,True,HIGH,True,SOURCE_BATCH + SOFT_AFFINITY; category is not a restriction.
MAT-061,mat-061,RPLidar A1 (2D Laser Scanner),LiDAR Sensor,electronics-components,1,pieces,GOOD,FACTORY_SURPLUS,False,360,user2@impactloop.demo,مصنع المدار للمعادن والبلاستيك,ORGANIZATION,القدس,True,True,Reusable LiDAR Sensor listing prepared from documented graduation-project hardware data. Suitable for practical prototyping and learning builds.,"Measurement, monitoring, robotics, and smart-device prototypes.",sensor,,Hardware for Sale.xlsx,2,MAT-061,360,SOURCE_NORMALIZED,Normalized directly from source quantity/price fields.,DEMO_DEFAULT_GOOD,LIKELY_AVAILABLE,,CENTER_OF_IMAGE_ANCHOR_V2,xl/media/image16.jpg,materials/MAT-061_01.jpg,True,False,True,HIGH,True,SOURCE_BATCH + SOFT_AFFINITY; category is not a restriction.
MAT-062,mat-062,JGB37-520 12V 333RPM DC Gear Motor With Encoder,DC Motor,motors-mechanical,2,pieces,GOOD,FACTORY_SURPLUS,False,100,user2@impactloop.demo,مصنع المدار للمعادن والبلاستيك,ORGANIZATION,القدس,True,True,Reusable DC Motor listing prepared from documented graduation-project hardware data. Suitable for practical prototyping and learning builds.,"Robotics, motion systems, CNC-style prototypes, and mechanical builds.",motor|robotics,,Hardware for Sale.xlsx,3,MAT-062,100,SOURCE_NORMALIZED,Normalized directly from source quantity/price fields.,DEMO_DEFAULT_GOOD,LIKELY_AVAILABLE,,CENTER_OF_IMAGE_ANCHOR_V2,xl/media/image9.jpg,materials/MAT-062_01.jpg,True,False,True,HIGH,True,SOURCE_BATCH + SOFT_AFFINITY; category is not a restriction.
MAT-063,mat-063,37mm DC Gear Motor 12VDC 300RPM All Steel-gear 6mm Shaft,DC Motor,motors-mechanical,2,pieces,GOOD,FACTORY_SURPLUS,False,65,user2@impactloop.demo,مصنع المدار للمعادن والبلاستيك,ORGANIZATION,القدس,True,True,Reusable DC Motor listing prepared from documented graduation-project hardware data. Suitable for practical prototyping and learning builds.,"Robotics, motion systems, CNC-style prototypes, and mechanical builds.",motor|robotics,,Hardware for Sale.xlsx,4,MAT-063,65,SOURCE_NORMALIZED,Normalized directly from source quantity/price fields.,DEMO_DEFAULT_GOOD,LIKELY_AVAILABLE,,CENTER_OF_IMAGE_ANCHOR_V2,xl/media/image6.png,materials/MAT-063_01.png,True,False,True,HIGH,True,SOURCE_BATCH + SOFT_AFFINITY; category is not a restriction.
MAT-064,mat-064,37mm DC Gear Motor 35RPM/12V 65RPM/24V MOT6002A 6mm Shaft,DC Motor,motors-mechanical,1,pieces,GOOD,FACTORY_SURPLUS,False,25,user2@impactloop.demo,مصنع المدار للمعادن والبلاستيك,ORGANIZATION,القدس,True,True,Reusable DC Motor listing prepared from documented graduation-project hardware data. Suitable for practical prototyping and learning builds.,"Robotics, motion systems, CNC-style prototypes, and mechanical builds.",motor|robotics,,Hardware for Sale.xlsx,5,MAT-064,25,SOURCE_NORMALIZED,Normalized directly from source quantity/price fields.,DEMO_DEFAULT_GOOD,LIKELY_AVAILABLE,,CENTER_OF_IMAGE_ANCHOR_V2,xl/media/image8.png,materials/MAT-064_01.png,True,False,True,HIGH,True,SOURCE_BATCH + SOFT_AFFINITY; category is not a restriction.
MAT-065,mat-065,85mm Diameter Rubber/Plastic Off-road Wheel,Wheel / Caster,motors-mechanical,2,pieces,GOOD,FACTORY_SURPLUS,False,25,user2@impactloop.demo,مصنع المدار للمعادن والبلاستيك,ORGANIZATION,القدس,True,True,Reusable Wheel / Caster listing prepared from documented graduation-project hardware data. Suitable for practical prototyping and learning builds.,"Repair, prototyping, maker projects, and practical learning builds.",motors_mechanical,,Hardware for Sale.xlsx,6,MAT-065,25,SOURCE_NORMALIZED,Normalized directly from source quantity/price fields.,DEMO_DEFAULT_GOOD,LIKELY_AVAILABLE,,CENTER_OF_IMAGE_ANCHOR_V2,xl/media/image2.jpg,materials/MAT-065_01.jpg,True,False,True,HIGH,True,SOURCE_BATCH + SOFT_AFFINITY; category is not a restriction.
MAT-066,mat-066,BTS7960 High-power 43A Motor Driver Module,BTS7960 Motor Driver,electronics-components,2,pieces,GOOD,FACTORY_SURPLUS,False,35,user2@impactloop.demo,مصنع المدار للمعادن والبلاستيك,ORGANIZATION,القدس,True,True,Reusable BTS7960 Motor Driver listing prepared from documented graduation-project hardware data. Suitable for practical prototyping and learning builds.,"Motor control, robot motion, and automation prototypes.",motor|robotics,,Hardware for Sale.xlsx,7,MAT-066,35,SOURCE_NORMALIZED,Normalized directly from source quantity/price fields.,DEMO_DEFAULT_GOOD,LIKELY_AVAILABLE,,CENTER_OF_IMAGE_ANCHOR_V2,xl/media/image14.jpg,materials/MAT-066_01.jpg,True,False,True,HIGH,True,SOURCE_BATCH + SOFT_AFFINITY; category is not a restriction.
MAT-067,mat-067,18650 V8 Lithium Battery Expansion Board 4 Channel 5V 3A 3V 1A USB Charging Power Bank,Battery,power-batteries,1,pieces,GOOD,FACTORY_SURPLUS,False,40,user2@impactloop.demo,مصنع المدار للمعادن والبلاستيك,ORGANIZATION,القدس,True,True,Reusable Battery listing prepared from documented graduation-project hardware data. Suitable for practical prototyping and learning builds.,"Powering electronics, portable prototypes, charging, and voltage regulation.",battery|power,,Hardware for Sale.xlsx,8,MAT-067,40,SOURCE_NORMALIZED,Normalized directly from source quantity/price fields.,DEMO_DEFAULT_GOOD,LIKELY_AVAILABLE,,CENTER_OF_IMAGE_ANCHOR_V2,xl/media/image13.jpg,materials/MAT-067_01.jpg,True,False,True,HIGH,True,SOURCE_BATCH + SOFT_AFFINITY; category is not a restriction.
MAT-068,mat-068,2000mAh Li-ion 18650 Batteries,Battery,power-batteries,2,pieces,GOOD,FACTORY_SURPLUS,False,10,user2@impactloop.demo,مصنع المدار للمعادن والبلاستيك,ORGANIZATION,القدس,True,True,Reusable Battery listing prepared from documented graduation-project hardware data. Suitable for practical prototyping and learning builds.,"Powering electronics, portable prototypes, charging, and voltage regulation.",battery|power,,Hardware for Sale.xlsx,9,MAT-068,10,SOURCE_NORMALIZED,Normalized directly from source quantity/price fields.,DEMO_DEFAULT_GOOD,LIKELY_AVAILABLE,,CENTER_OF_IMAGE_ANCHOR_V2,xl/media/image11.jpg,materials/MAT-068_01.jpg,True,False,True,HIGH,True,SOURCE_BATCH + SOFT_AFFINITY; category is not a restriction.
MAT-069,mat-069,Arduino UNO R3,Arduino Uno,electronics-components,1,pieces,GOOD,FACTORY_SURPLUS,False,20,user2@impactloop.demo,مصنع المدار للمعادن والبلاستيك,ORGANIZATION,القدس,True,True,Reusable Arduino Uno listing prepared from documented graduation-project hardware data. Suitable for practical prototyping and learning builds.,"Robotics, sensor prototypes, automation, and learning projects.",arduino|microcontroller,,Hardware for Sale.xlsx,11,MAT-069,20,SOURCE_NORMALIZED,Normalized directly from source quantity/price fields.,DEMO_DEFAULT_GOOD,LIKELY_AVAILABLE,,CENTER_OF_IMAGE_ANCHOR_V2,xl/media/image7.png,materials/MAT-069_01.png,True,False,True,HIGH,True,SOURCE_BATCH + SOFT_AFFINITY; category is not a restriction.
MAT-070,mat-070,5VDC 4-Channel Relay Module (Active Low),Relay Module,electronics-components,1,pieces,GOOD,FACTORY_SURPLUS,False,20,user2@impactloop.demo,مصنع المدار للمعادن والبلاستيك,ORGANIZATION,القدس,True,True,Reusable Relay Module listing prepared from documented graduation-project hardware data. Suitable for practical prototyping and learning builds.,"Repair, prototyping, maker projects, and practical learning builds.",relay|electronics,,Hardware for Sale.xlsx,12,MAT-070,20,SOURCE_NORMALIZED,Normalized directly from source quantity/price fields.,DEMO_DEFAULT_GOOD,LIKELY_AVAILABLE,,CENTER_OF_IMAGE_ANCHOR_V2,xl/media/image10.jpg,materials/MAT-070_01.jpg,True,False,True,HIGH,True,SOURCE_BATCH + SOFT_AFFINITY; category is not a restriction.
MAT-071,mat-071,XL4015 Adjustable Step Down Buck Converter Module 4-38V To 1.25–36V 5A,Buck Converter,electronics-components,1,pieces,GOOD,FACTORY_SURPLUS,False,15,user2@impactloop.demo,مصنع المدار للمعادن والبلاستيك,ORGANIZATION,القدس,True,True,Reusable Buck Converter listing prepared from documented graduation-project hardware data. Suitable for practical prototyping and learning builds.,"Powering electronics, portable prototypes, charging, and voltage regulation.",electronics_components,,Hardware for Sale.xlsx,13,MAT-071,15,SOURCE_NORMALIZED,Normalized directly from source quantity/price fields.,DEMO_DEFAULT_GOOD,LIKELY_AVAILABLE,,CENTER_OF_IMAGE_ANCHOR_V2,xl/media/image15.png,materials/MAT-071_01.png,True,False,True,HIGH,True,SOURCE_BATCH + SOFT_AFFINITY; category is not a restriction.
MAT-072,mat-072,6mm Brass Shaft Hex Coupler DC Motor Connector(connect the motor with the wheel),Connector,electronics-components,2,pieces,GOOD,FACTORY_SURPLUS,False,10,user2@impactloop.demo,مصنع المدار للمعادن والبلاستيك,ORGANIZATION,القدس,True,True,Reusable Connector listing prepared from documented graduation-project hardware data. Suitable for practical prototyping and learning builds.,"Circuit wiring, prototyping, repair, and classroom electronics.",connector|wiring,,Hardware for Sale.xlsx,14,MAT-072,10,SOURCE_NORMALIZED,Normalized directly from source quantity/price fields.,DEMO_DEFAULT_GOOD,LIKELY_AVAILABLE,,CENTER_OF_IMAGE_ANCHOR_V2,xl/media/image3.png,materials/MAT-072_01.png,True,False,True,HIGH,True,SOURCE_BATCH + SOFT_AFFINITY; category is not a restriction.
MAT-073,mat-073,37mm Diameter DC Geared Motor Mounting Bracket Holder,Motor Mount / Bracket,motors-mechanical,2,pieces,GOOD,FACTORY_SURPLUS,False,15,user2@impactloop.demo,مصنع المدار للمعادن والبلاستيك,ORGANIZATION,القدس,True,True,Reusable Motor Mount / Bracket listing prepared from documented graduation-project hardware data. Suitable for practical prototyping and learning builds.,"Robotics, motion systems, CNC-style prototypes, and mechanical builds.",motor|robotics,,Hardware for Sale.xlsx,15,MAT-073,15,SOURCE_NORMALIZED,Normalized directly from source quantity/price fields.,DEMO_DEFAULT_GOOD,LIKELY_AVAILABLE,,CENTER_OF_IMAGE_ANCHOR_V2,xl/media/image4.png,materials/MAT-073_01.png,True,False,True,HIGH,True,SOURCE_BATCH + SOFT_AFFINITY; category is not a restriction.
MAT-074,mat-074,Full Size Breadboard 840 Points,Breadboard,electronics-components,2,pieces,GOOD,FACTORY_SURPLUS,False,7,user2@impactloop.demo,مصنع المدار للمعادن والبلاستيك,ORGANIZATION,القدس,True,True,Reusable Breadboard listing prepared from documented graduation-project hardware data. Suitable for practical prototyping and learning builds.,"Circuit wiring, prototyping, repair, and classroom electronics.",breadboard|prototyping,,Hardware for Sale.xlsx,16,MAT-074,7,SOURCE_NORMALIZED,Normalized directly from source quantity/price fields.,DEMO_DEFAULT_GOOD,LIKELY_AVAILABLE,,CENTER_OF_IMAGE_ANCHOR_V2,xl/media/image5.png,materials/MAT-074_01.png,True,False,True,HIGH,True,SOURCE_BATCH + SOFT_AFFINITY; category is not a restriction.
MAT-075,mat-075,Printer carriage slider with DC motor for linear motion (Image is AI-generated and represents an estimated model of the real part),DC Motor,motors-mechanical,1,pieces,GOOD,FACTORY_SURPLUS,False,25,user2@impactloop.demo,مصنع المدار للمعادن والبلاستيك,ORGANIZATION,القدس,True,False,Reusable DC Motor listing prepared from documented graduation-project hardware data. Suitable for practical prototyping and learning builds.,"Robotics, motion systems, CNC-style prototypes, and mechanical builds.",motor|robotics,,Hardware for Sale.xlsx,17,MAT-075,25,SOURCE_NORMALIZED,Normalized directly from source quantity/price fields.,DEMO_DEFAULT_GOOD,LIKELY_AVAILABLE,,CENTER_OF_IMAGE_ANCHOR_V2,xl/media/image12.png,materials/MAT-075_01.png,True,False,True,HIGH,True,SOURCE_BATCH + SOFT_AFFINITY; category is not a restriction.
MAT-076,mat-076,Caster Wheel,Wheel / Caster,motors-mechanical,3,pieces,GOOD,FACTORY_SURPLUS,False,7,user2@impactloop.demo,مصنع المدار للمعادن والبلاستيك,ORGANIZATION,القدس,True,True,Reusable Wheel / Caster listing prepared from documented graduation-project hardware data. Suitable for practical prototyping and learning builds.,"Repair, prototyping, maker projects, and practical learning builds.",motors_mechanical,,Hardware for Sale.xlsx,18,MAT-076,7,SOURCE_NORMALIZED,Normalized directly from source quantity/price fields.,DEMO_DEFAULT_GOOD,LIKELY_AVAILABLE,,CENTER_OF_IMAGE_ANCHOR_V2,xl/media/image1.jpg,materials/MAT-076_01.jpg,True,False,True,HIGH,True,SOURCE_BATCH + SOFT_AFFINITY; category is not a restriction.
MAT-078,mat-078,24 Pin ZIF DIP IC Test Universal Socket Narrow,IC Test Socket,electronics-components,1,pieces,GOOD,WORKSHOP_SURPLUS,False,5,user82@impactloop.demo,ورشة نبض لتجديد الأدوات,ORGANIZATION,جنين,True,True,Reusable IC Test Socket listing prepared from documented graduation-project hardware data. Suitable for practical prototyping and learning builds.,"Repair, prototyping, maker projects, and practical learning builds.",electronics_components,,Hardware graduation project components .xlsx,3,MAT-078,5,SOURCE_NORMALIZED,Normalized directly from source quantity/price fields.,DEMO_DEFAULT_GOOD,LIKELY_AVAILABLE,,CENTER_OF_IMAGE_ANCHOR_V2,xl/media/image9.png,materials/MAT-078_01.png,True,False,True,HIGH,True,SOURCE_BATCH + SOFT_AFFINITY; category is not a restriction.
MAT-080,mat-080,"Nextion NX4832F035- Enhanced 3.5"" HMI TFT Intelligent LCD Touch Display Module",Nextion Display,electronics-components,1,pieces,GOOD,WORKSHOP_SURPLUS,False,200,user82@impactloop.demo,ورشة نبض لتجديد الأدوات,ORGANIZATION,جنين,True,True,Reusable Nextion Display listing prepared from documented graduation-project hardware data. Suitable for practical prototyping and learning builds.,"Repair, prototyping, maker projects, and practical learning builds.",electronics_components,,Hardware graduation project components .xlsx,5,MAT-080,200,SOURCE_NORMALIZED,Normalized directly from source quantity/price fields.,DEMO_DEFAULT_GOOD,LIKELY_AVAILABLE,,CENTER_OF_IMAGE_ANCHOR_V2,xl/media/image19.png,materials/MAT-080_01.png,True,False,True,HIGH,True,SOURCE_BATCH + SOFT_AFFINITY; category is not a restriction.
MAT-081,mat-081,2.8 Inch TFT Touch LCD Screen with shield For Arduino UNO R3 (Brand new),TFT Display,electronics-components,1,pieces,GOOD,WORKSHOP_SURPLUS,False,100,user82@impactloop.demo,ورشة نبض لتجديد الأدوات,ORGANIZATION,جنين,True,True,Reusable TFT Display listing prepared from documented graduation-project hardware data. Suitable for practical prototyping and learning builds.,"Repair, prototyping, maker projects, and practical learning builds.",electronics_components,,Hardware graduation project components .xlsx,6,MAT-081,100,SOURCE_NORMALIZED,Normalized directly from source quantity/price fields.,DEMO_DEFAULT_GOOD,LIKELY_AVAILABLE,,CENTER_OF_IMAGE_ANCHOR_V2,xl/media/image5.png,materials/MAT-081_01.png,True,False,True,HIGH,True,SOURCE_BATCH + SOFT_AFFINITY; category is not a restriction.
MAT-082,mat-082,7408 + 7432 + 4017 Logic IC Assortment,Logic IC Assortment,electronics-components,1,set,GOOD,WORKSHOP_SURPLUS,True,0,user82@impactloop.demo,ورشة نبض لتجديد الأدوات,ORGANIZATION,جنين,True,True,Reusable Logic IC Assortment listing prepared from documented graduation-project hardware data. Suitable for practical prototyping and learning builds.,"Repair, prototyping, maker projects, and practical learning builds.",electronics_components,"7408 (AND gates) , 7432 (OR gates) , 4017 (Counter) ICs",Hardware graduation project components .xlsx,7,MAT-082,Free with other components,PROMOTED_CONDITIONAL_FREE_TO_DEMO_FREE,Source offered the three ICs free with other components; represented as one free set for standalone demo behavior.,DEMO_DEFAULT_GOOD,LIKELY_AVAILABLE,,CENTER_OF_IMAGE_ANCHOR_V2,xl/media/image12.jpg,materials/MAT-082_01.jpg,True,False,True,HIGH,True,SOURCE_BATCH + SOFT_AFFINITY; category is not a restriction.
MAT-083,mat-083,Arduino Uno R3,Arduino Uno,electronics-components,2,pieces,GOOD,WORKSHOP_SURPLUS,False,25,user82@impactloop.demo,ورشة نبض لتجديد الأدوات,ORGANIZATION,جنين,True,True,Reusable Arduino Uno listing prepared from documented graduation-project hardware data. Suitable for practical prototyping and learning builds.,"Robotics, sensor prototypes, automation, and learning projects.",arduino|microcontroller,,Hardware graduation project components .xlsx,8,MAT-083,25,SOURCE_NORMALIZED,Normalized directly from source quantity/price fields.,DEMO_DEFAULT_GOOD,LIKELY_AVAILABLE,,CENTER_OF_IMAGE_ANCHOR_V2,xl/media/image24.png,materials/MAT-083_01.png,True,False,True,HIGH,True,SOURCE_BATCH + SOFT_AFFINITY; category is not a restriction.
MAT-084,mat-084,Arduino Uno R3 -pin 9* broken-,Arduino Uno,electronics-components,1,pieces,NEEDS_REPAIR,WORKSHOP_SURPLUS,False,10,user82@impactloop.demo,ورشة نبض لتجديد الأدوات,ORGANIZATION,جنين,True,True,Reusable Arduino Uno listing prepared from documented graduation-project hardware data. Suitable for practical prototyping and learning builds.,"Robotics, sensor prototypes, automation, and learning projects.",arduino|microcontroller,,Hardware graduation project components .xlsx,9,MAT-084,10,SOURCE_NORMALIZED,Normalized directly from source quantity/price fields.,SOURCE_TEXT_DAMAGE,LIKELY_AVAILABLE,,CENTER_OF_IMAGE_ANCHOR_V2,xl/media/image24.png,materials/MAT-084_01.png,True,False,True,HIGH,True,SOURCE_BATCH + SOFT_AFFINITY; category is not a restriction.
MAT-085,mat-085,Ultrasonic Sensor Module HC-SR04 4-6V Normal Type,Ultrasonic Sensor,electronics-components,4,pieces,GOOD,WORKSHOP_SURPLUS,False,15,user82@impactloop.demo,ورشة نبض لتجديد الأدوات,ORGANIZATION,جنين,True,True,Reusable Ultrasonic Sensor listing prepared from documented graduation-project hardware data. Suitable for practical prototyping and learning builds.,"Measurement, monitoring, robotics, and smart-device prototypes.",sensor,,Hardware graduation project components .xlsx,10,MAT-085,15,SOURCE_NORMALIZED,Normalized directly from source quantity/price fields.,DEMO_DEFAULT_GOOD,LIKELY_AVAILABLE,,CENTER_OF_IMAGE_ANCHOR_V2,xl/media/image14.png,materials/MAT-085_01.png,True,False,True,HIGH,True,SOURCE_BATCH + SOFT_AFFINITY; category is not a restriction.
MAT-086,mat-086,ESP32-Development-Board-ESP-WROOM-32 30pin ESP32-DEVKIT-V1 ESP32-D0WD-V3 (revision V3.0) XX0H32,ESP32,electronics-components,2,set,GOOD,WORKSHOP_SURPLUS,False,30,user82@impactloop.demo,ورشة نبض لتجديد الأدوات,ORGANIZATION,جنين,True,True,Reusable ESP32 listing prepared from documented graduation-project hardware data. Suitable for practical prototyping and learning builds.,"Robotics, sensor prototypes, automation, and learning projects.",esp32|microcontroller,,Hardware graduation project components .xlsx,11,MAT-086,30,SOURCE_NORMALIZED,Normalized directly from source quantity/price fields.,DEMO_DEFAULT_GOOD,LIKELY_AVAILABLE,,CENTER_OF_IMAGE_ANCHOR_V2,xl/media/image13.png,materials/MAT-086_01.png,True,False,True,HIGH,True,SOURCE_BATCH + SOFT_AFFINITY; category is not a restriction.
MAT-087,mat-087,40 Pin ZIF DIP IC Test Universal Socket Wide,IC Test Socket,electronics-components,1,pieces,GOOD,WORKSHOP_SURPLUS,False,10,user82@impactloop.demo,ورشة نبض لتجديد الأدوات,ORGANIZATION,جنين,True,True,Reusable IC Test Socket listing prepared from documented graduation-project hardware data. Suitable for practical prototyping and learning builds.,"Repair, prototyping, maker projects, and practical learning builds.",electronics_components,,Hardware graduation project components .xlsx,12,MAT-087,10,SOURCE_NORMALIZED,Normalized directly from source quantity/price fields.,DEMO_DEFAULT_GOOD,LIKELY_AVAILABLE,,CENTER_OF_IMAGE_ANCHOR_V2,xl/media/image18.png,materials/MAT-087_01.png,True,False,True,HIGH,True,SOURCE_BATCH + SOFT_AFFINITY; category is not a restriction.
MAT-088,mat-088,AC Digital Multifunction Ammeter TTL Current Tester Module With Open Split Coil 100A 80 260V PZEM-004T V3 Open Transformer Without Case,Current/Voltage Sensor,electronics-components,1,pieces,GOOD,WORKSHOP_SURPLUS,False,90,user82@impactloop.demo,ورشة نبض لتجديد الأدوات,ORGANIZATION,جنين,True,True,Reusable Current/Voltage Sensor listing prepared from documented graduation-project hardware data. Suitable for practical prototyping and learning builds.,"Measurement, monitoring, robotics, and smart-device prototypes.",sensor,,Hardware graduation project components .xlsx,13,MAT-088,90,SOURCE_NORMALIZED,Normalized directly from source quantity/price fields.,DEMO_DEFAULT_GOOD,LIKELY_AVAILABLE,,CENTER_OF_IMAGE_ANCHOR_V2,xl/media/image10.png,materials/MAT-088_01.png,True,False,True,HIGH,True,SOURCE_BATCH + SOFT_AFFINITY; category is not a restriction.
MAT-089,mat-089,INA219 I2C Interface High Side DC Current Leakage Power Sensor,INA219 Current Sensor,electronics-components,1,pieces,GOOD,WORKSHOP_SURPLUS,False,20,user82@impactloop.demo,ورشة نبض لتجديد الأدوات,ORGANIZATION,جنين,True,True,Reusable INA219 Current Sensor listing prepared from documented graduation-project hardware data. Suitable for practical prototyping and learning builds.,"Measurement, monitoring, robotics, and smart-device prototypes.",sensor,,Hardware graduation project components .xlsx,14,MAT-089,20,SOURCE_NORMALIZED,Normalized directly from source quantity/price fields.,DEMO_DEFAULT_GOOD,LIKELY_AVAILABLE,,CENTER_OF_IMAGE_ANCHOR_V2,xl/media/image8.png,materials/MAT-089_01.png,True,False,True,HIGH,True,SOURCE_BATCH + SOFT_AFFINITY; category is not a restriction.
MAT-090,mat-090,PIC18F4620 Microcontroller,PIC Microcontroller,electronics-components,2,pieces,GOOD,WORKSHOP_SURPLUS,False,35,user82@impactloop.demo,ورشة نبض لتجديد الأدوات,ORGANIZATION,جنين,True,True,Reusable PIC Microcontroller listing prepared from documented graduation-project hardware data. Suitable for practical prototyping and learning builds.,"Repair, prototyping, maker projects, and practical learning builds.",electronics_components,,Hardware graduation project components .xlsx,15,MAT-090,35,SOURCE_NORMALIZED,Normalized directly from source quantity/price fields.,DEMO_DEFAULT_GOOD,LIKELY_AVAILABLE,,CENTER_OF_IMAGE_ANCHOR_V2,xl/media/image17.png,materials/MAT-090_01.png,True,False,True,HIGH,True,SOURCE_BATCH + SOFT_AFFINITY; category is not a restriction.
MAT-091,mat-091,PIC18F4550 Microcontroller,PIC Microcontroller,electronics-components,1,pieces,GOOD,WORKSHOP_SURPLUS,False,30,user82@impactloop.demo,ورشة نبض لتجديد الأدوات,ORGANIZATION,جنين,True,True,Reusable PIC Microcontroller listing prepared from documented graduation-project hardware data. Suitable for practical prototyping and learning builds.,"Repair, prototyping, maker projects, and practical learning builds.",electronics_components,,Hardware graduation project components .xlsx,16,MAT-091,30,SOURCE_NORMALIZED,Normalized directly from source quantity/price fields.,DEMO_DEFAULT_GOOD,LIKELY_AVAILABLE,,CENTER_OF_IMAGE_ANCHOR_V2,xl/media/image6.png,materials/MAT-091_01.png,True,False,True,HIGH,True,SOURCE_BATCH + SOFT_AFFINITY; category is not a restriction.
MAT-092,mat-092,"LM324N Low-Power, Quad-Operational Amplifiers Texas Instruments Incorporated",Operational Amplifier IC,electronics-components,1,pieces,GOOD,WORKSHOP_SURPLUS,False,5,user82@impactloop.demo,ورشة نبض لتجديد الأدوات,ORGANIZATION,جنين,True,True,Reusable Operational Amplifier IC listing prepared from documented graduation-project hardware data. Suitable for practical prototyping and learning builds.,"Repair, prototyping, maker projects, and practical learning builds.",electronics_components,,Hardware graduation project components .xlsx,17,MAT-092,5,SOURCE_NORMALIZED,Normalized directly from source quantity/price fields.,DEMO_DEFAULT_GOOD,LIKELY_AVAILABLE,,CENTER_OF_IMAGE_ANCHOR_V2,xl/media/image7.png,materials/MAT-092_01.png,True,False,True,HIGH,True,SOURCE_BATCH + SOFT_AFFINITY; category is not a restriction.
MAT-093,mat-093,5MM Red LED 1.7V - 2.2V 18mm,LED / Lighting Component,electronics-components,5,pieces,GOOD,WORKSHOP_SURPLUS,True,0,user82@impactloop.demo,ورشة نبض لتجديد الأدوات,ORGANIZATION,جنين,True,True,Reusable LED / Lighting Component listing prepared from documented graduation-project hardware data. Suitable for practical prototyping and learning builds.,"Repair, prototyping, maker projects, and practical learning builds.",electronics_components,,Hardware graduation project components .xlsx,18,MAT-093,free with other components,PROMOTED_CONDITIONAL_FREE_TO_DEMO_FREE,Source offered these LEDs free with other components; promoted to a free standalone demo listing.,DEMO_DEFAULT_GOOD,LIKELY_AVAILABLE,,CENTER_OF_IMAGE_ANCHOR_V2,xl/media/image3.png,materials/MAT-093_01.png,True,False,True,HIGH,True,SOURCE_BATCH + SOFT_AFFINITY; category is not a restriction.
MAT-094,mat-094,100nF 0.1uf 50V Ceramic Capacitor,Capacitor,electronics-components,1,piece,GOOD,WORKSHOP_SURPLUS,True,0,user82@impactloop.demo,ورشة نبض لتجديد الأدوات,ORGANIZATION,جنين,True,True,Reusable Capacitor listing prepared from documented graduation-project hardware data. Suitable for practical prototyping and learning builds.,"Repair, prototyping, maker projects, and practical learning builds.",electronics_components,,Hardware graduation project components .xlsx,19,MAT-094,free with other components,PROMOTED_CONDITIONAL_FREE_TO_DEMO_FREE,Source offered the capacitor free with other components; promoted to a free standalone demo listing.,DEMO_DEFAULT_GOOD,LIKELY_AVAILABLE,,CENTER_OF_IMAGE_ANCHOR_V2,xl/media/image21.png,materials/MAT-094_01.png,True,False,True,HIGH,True,SOURCE_BATCH + SOFT_AFFINITY; category is not a restriction.
MAT-095,mat-095,2N2222 NPN BJT Transistor 40V 0.6A,Transistor,electronics-components,1,piece,GOOD,WORKSHOP_SURPLUS,True,0,user82@impactloop.demo,ورشة نبض لتجديد الأدوات,ORGANIZATION,جنين,True,True,Reusable Transistor listing prepared from documented graduation-project hardware data. Suitable for practical prototyping and learning builds.,"Repair, prototyping, maker projects, and practical learning builds.",electronics_components,,Hardware graduation project components .xlsx,20,MAT-095,free with other components,PROMOTED_CONDITIONAL_FREE_TO_DEMO_FREE,Source offered the transistor free with other components; promoted to a free standalone demo listing.,DEMO_DEFAULT_GOOD,LIKELY_AVAILABLE,,CENTER_OF_IMAGE_ANCHOR_V2,xl/media/image1.png,materials/MAT-095_01.png,True,False,True,HIGH,True,SOURCE_BATCH + SOFT_AFFINITY; category is not a restriction.
MAT-096,mat-096,Resistor & Potentiometer Assortment (27 pcs),Resistor/Potentiometer Assortment,electronics-components,1,set,GOOD,WORKSHOP_SURPLUS,True,0,user82@impactloop.demo,ورشة نبض لتجديد الأدوات,ORGANIZATION,جنين,True,True,Reusable Resistor/Potentiometer Assortment listing prepared from documented graduation-project hardware data. Suitable for practical prototyping and learning builds.,"Repair, prototyping, maker projects, and practical learning builds.",electronics_components,10k ohm resistor (4) 680 ohm resistor (14) 220 ohm resistor (6) 27k ohm resistor (2) 20K Ohm Potentiometer (1),Hardware graduation project components .xlsx,21,MAT-096,free with other components,PROMOTED_CONDITIONAL_FREE_TO_DEMO_FREE,27 loose parts in source; represented as one free assortment set for coherent reservation semantics.,DEMO_DEFAULT_GOOD,LIKELY_AVAILABLE,,CENTER_OF_IMAGE_ANCHOR_V2,xl/media/image16.png,materials/MAT-096_01.png,True,False,True,HIGH,True,SOURCE_BATCH + SOFT_AFFINITY; category is not a restriction.
MAT-097,mat-097,l7805 voltage regulator,Voltage Regulator,electronics-components,1,piece,GOOD,WORKSHOP_SURPLUS,True,0,user82@impactloop.demo,ورشة نبض لتجديد الأدوات,ORGANIZATION,جنين,True,True,Reusable Voltage Regulator listing prepared from documented graduation-project hardware data. Suitable for practical prototyping and learning builds.,"Powering electronics, portable prototypes, charging, and voltage regulation.",electronics_components,,Hardware graduation project components .xlsx,22,MAT-097,free with other components,PROMOTED_CONDITIONAL_FREE_TO_DEMO_FREE,Source offered the regulator free with other components; promoted to a free standalone demo listing.,DEMO_DEFAULT_GOOD,LIKELY_AVAILABLE,,CENTER_OF_IMAGE_ANCHOR_V2,xl/media/image25.png,materials/MAT-097_01.png,True,False,True,HIGH,True,SOURCE_BATCH + SOFT_AFFINITY; category is not a restriction.
MAT-098,mat-098,Push Button & Latching Toggle Switch Set (6 pcs),Switch Assortment,electronics-components,1,set,GOOD,WORKSHOP_SURPLUS,True,0,user82@impactloop.demo,ورشة نبض لتجديد الأدوات,ORGANIZATION,جنين,True,True,Reusable Switch Assortment listing prepared from documented graduation-project hardware data. Suitable for practical prototyping and learning builds.,"Circuit wiring, prototyping, repair, and classroom electronics.",switch|electronics,Mini Push Button Tactile Switch (4) ON-OFF 3 Pin Latching Toggle Switch (Self Locking) (2),Hardware graduation project components .xlsx,23,MAT-098,free with other components,PROMOTED_CONDITIONAL_FREE_TO_DEMO_FREE,Source lists 6 switches total and conditional-free pricing; represented as one free set.,DEMO_DEFAULT_GOOD,LIKELY_AVAILABLE,,CENTER_OF_IMAGE_ANCHOR_V2,xl/media/image20.png,materials/MAT-098_01.png,True,False,True,HIGH,True,SOURCE_BATCH + SOFT_AFFINITY; category is not a restriction.
MAT-099,mat-099,USB 2.0 Type A Male To USB B Type Cable For Mega And Uno Arduino,USB/Data Cable,electronics-components,2,pieces,GOOD,WORKSHOP_SURPLUS,True,0,user82@impactloop.demo,ورشة نبض لتجديد الأدوات,ORGANIZATION,جنين,True,True,Reusable USB/Data Cable listing prepared from documented graduation-project hardware data. Suitable for practical prototyping and learning builds.,"Circuit wiring, prototyping, repair, and classroom electronics.",cable|wiring,,Hardware graduation project components .xlsx,24,MAT-099,free with arduino,PROMOTED_CONDITIONAL_FREE_TO_DEMO_FREE,Source offered the USB-B cables free with Arduino; promoted to a free standalone demo listing.,DEMO_DEFAULT_GOOD,LIKELY_AVAILABLE,,CENTER_OF_IMAGE_ANCHOR_V2,xl/media/image2.png,materials/MAT-099_01.png,True,False,True,HIGH,True,SOURCE_BATCH + SOFT_AFFINITY; category is not a restriction.
MAT-100,mat-100,USB A Male To USB Micro Male Data Cable for ESP32,ESP32,electronics-components,1,piece,GOOD,WORKSHOP_SURPLUS,True,0,user82@impactloop.demo,ورشة نبض لتجديد الأدوات,ORGANIZATION,جنين,True,True,Reusable ESP32 listing prepared from documented graduation-project hardware data. Suitable for practical prototyping and learning builds.,"Robotics, sensor prototypes, automation, and learning projects.",esp32|microcontroller,,Hardware graduation project components .xlsx,25,MAT-100,free with ESP32,PROMOTED_CONDITIONAL_FREE_TO_DEMO_FREE,Source offered the Micro-USB cable free with ESP32; promoted to a free standalone demo listing.,DEMO_DEFAULT_GOOD,LIKELY_AVAILABLE,,CENTER_OF_IMAGE_ANCHOR_V2,xl/media/image23.png,materials/MAT-100_01.png,True,False,True,HIGH,True,SOURCE_BATCH + SOFT_AFFINITY; category is not a restriction.
MAT-101,mat-101,USB To TTL Converter (FTDI) PL2303,USB-to-TTL Converter,electronics-components,1,piece,GOOD,WORKSHOP_SURPLUS,True,0,user82@impactloop.demo,ورشة نبض لتجديد الأدوات,ORGANIZATION,جنين,True,True,Reusable USB-to-TTL Converter listing prepared from documented graduation-project hardware data. Suitable for practical prototyping and learning builds.,"Repair, prototyping, maker projects, and practical learning builds.",electronics_components,,Hardware graduation project components .xlsx,26,MAT-101,free with Nextion Display,PROMOTED_CONDITIONAL_FREE_TO_DEMO_FREE,Source offered the USB-to-TTL converter free with Nextion display; promoted to free standalone demo listing.,DEMO_DEFAULT_GOOD,LIKELY_AVAILABLE,,CENTER_OF_IMAGE_ANCHOR_V2,xl/media/image15.png,materials/MAT-101_01.png,True,False,True,HIGH,True,SOURCE_BATCH + SOFT_AFFINITY; category is not a restriction.
MAT-102,mat-102,30 cm Female-to-Male Jumper Wires (8 pcs),Jumper Wires,electronics-components,1,pack,GOOD,WORKSHOP_SURPLUS,True,0,user82@impactloop.demo,ورشة نبض لتجديد الأدوات,ORGANIZATION,جنين,True,True,Reusable Jumper Wires listing prepared from documented graduation-project hardware data. Suitable for practical prototyping and learning builds.,"Circuit wiring, prototyping, repair, and classroom electronics.",electronics_components,30cm Female To Male Jumper Wires (8Pcs),Hardware graduation project components .xlsx,27,MAT-102,Free with other components,PROMOTED_CONDITIONAL_FREE_TO_DEMO_FREE,Eight loose jumper wires represented as one free pack for coherent reservation semantics.,DEMO_DEFAULT_GOOD,LIKELY_AVAILABLE,,CENTER_OF_IMAGE_ANCHOR_V2,xl/media/image22.png,materials/MAT-102_01.png,True,False,True,HIGH,True,SOURCE_BATCH + SOFT_AFFINITY; category is not a restriction.
MAT-103,mat-103,DC motors 12v 210rpm with encoder,DC Motor,motors-mechanical,2,pieces,GOOD,STUDENT_LEFTOVER,False,90,user8@impactloop.demo,شهد الأغا,INDIVIDUAL,الخليل,True,True,Reusable DC Motor listing prepared from documented graduation-project hardware data. Suitable for practical prototyping and learning builds.,"Robotics, motion systems, CNC-style prototypes, and mechanical builds.",motor|robotics,,Untitled spreadsheet (1).xlsx,2,MAT-103,90,SOURCE_NORMALIZED,Normalized directly from source quantity/price fields.,DEMO_DEFAULT_GOOD,LIKELY_AVAILABLE,,CENTER_OF_IMAGE_ANCHOR_V2,xl/media/image4.png,materials/MAT-103_01.png,True,False,True,HIGH,True,SOURCE_BATCH + SOFT_AFFINITY; category is not a restriction.
MAT-104,mat-104,MPU6050 sensor,MPU6050 IMU Sensor,electronics-components,1,pieces,GOOD,STUDENT_LEFTOVER,False,40,user8@impactloop.demo,شهد الأغا,INDIVIDUAL,الخليل,True,True,Reusable MPU6050 IMU Sensor listing prepared from documented graduation-project hardware data. Suitable for practical prototyping and learning builds.,"Measurement, monitoring, robotics, and smart-device prototypes.",sensor,,Untitled spreadsheet (1).xlsx,3,MAT-104,40,SOURCE_NORMALIZED,Normalized directly from source quantity/price fields.,DEMO_DEFAULT_GOOD,LIKELY_AVAILABLE,,CENTER_OF_IMAGE_ANCHOR_V2,xl/media/image12.png,materials/MAT-104_01.png,True,False,True,HIGH,True,SOURCE_BATCH + SOFT_AFFINITY; category is not a restriction.
MAT-105,mat-105,Couplers and Motor mount,Shaft Coupler,motors-mechanical,2,pieces,GOOD,STUDENT_LEFTOVER,False,10,user8@impactloop.demo,شهد الأغا,INDIVIDUAL,الخليل,True,True,Reusable Shaft Coupler listing prepared from documented graduation-project hardware data. Suitable for practical prototyping and learning builds.,"Robotics, motion systems, CNC-style prototypes, and mechanical builds.",motors_mechanical,,Untitled spreadsheet (1).xlsx,4,MAT-105,10,SOURCE_NORMALIZED,Normalized directly from source quantity/price fields.,DEMO_DEFAULT_GOOD,LIKELY_AVAILABLE,,CENTER_OF_IMAGE_ANCHOR_V2,xl/media/image9.png,materials/MAT-105_01.png,True,False,True,HIGH,True,SOURCE_BATCH + SOFT_AFFINITY; category is not a restriction.
MAT-106,mat-106,Motor driver BTS7960,BTS7960 Motor Driver,electronics-components,2,pieces,GOOD,STUDENT_LEFTOVER,False,40,user8@impactloop.demo,شهد الأغا,INDIVIDUAL,الخليل,True,True,Reusable BTS7960 Motor Driver listing prepared from documented graduation-project hardware data. Suitable for practical prototyping and learning builds.,"Motor control, robot motion, and automation prototypes.",motor|robotics,,Untitled spreadsheet (1).xlsx,5,MAT-106,40,SOURCE_NORMALIZED,Normalized directly from source quantity/price fields.,DEMO_DEFAULT_GOOD,LIKELY_AVAILABLE,,CENTER_OF_IMAGE_ANCHOR_V2,xl/media/image5.png,materials/MAT-106_01.png,True,False,True,HIGH,True,SOURCE_BATCH + SOFT_AFFINITY; category is not a restriction.
MAT-107,mat-107,ESP32,ESP32,electronics-components,1,pieces,GOOD,STUDENT_LEFTOVER,False,30,user8@impactloop.demo,شهد الأغا,INDIVIDUAL,الخليل,True,True,Reusable ESP32 listing prepared from documented graduation-project hardware data. Suitable for practical prototyping and learning builds.,"Robotics, sensor prototypes, automation, and learning projects.",esp32|microcontroller,,Untitled spreadsheet (1).xlsx,6,MAT-107,30,SOURCE_NORMALIZED,Normalized directly from source quantity/price fields.,DEMO_DEFAULT_GOOD,LIKELY_AVAILABLE,,CENTER_OF_IMAGE_ANCHOR_V2,xl/media/image6.png,materials/MAT-107_01.png,True,False,True,HIGH,True,SOURCE_BATCH + SOFT_AFFINITY; category is not a restriction.
MAT-108,mat-108,Arduino mega with cable,Arduino Mega 2560,electronics-components,1,pieces,GOOD,STUDENT_LEFTOVER,False,50,user8@impactloop.demo,شهد الأغا,INDIVIDUAL,الخليل,True,True,Reusable Arduino Mega 2560 listing prepared from documented graduation-project hardware data. Suitable for practical prototyping and learning builds.,"Robotics, sensor prototypes, automation, and learning projects.",arduino|microcontroller,,Untitled spreadsheet (1).xlsx,7,MAT-108,50,SOURCE_NORMALIZED,Normalized directly from source quantity/price fields.,DEMO_DEFAULT_GOOD,LIKELY_AVAILABLE,,CENTER_OF_IMAGE_ANCHOR_V2,xl/media/image15.png,materials/MAT-108_01.png,True,False,True,HIGH,True,SOURCE_BATCH + SOFT_AFFINITY; category is not a restriction.
MAT-109,mat-109,"Tiny display ST7789V3 1.69inch, (has some visual noise)",TFT Display,electronics-components,1,pieces,GOOD,STUDENT_LEFTOVER,False,20,user8@impactloop.demo,شهد الأغا,INDIVIDUAL,الخليل,True,True,Reusable TFT Display listing prepared from documented graduation-project hardware data. Suitable for practical prototyping and learning builds.,"Repair, prototyping, maker projects, and practical learning builds.",electronics_components,,Untitled spreadsheet (1).xlsx,8,MAT-109,20,SOURCE_NORMALIZED,Normalized directly from source quantity/price fields.,DEMO_DEFAULT_GOOD,LIKELY_AVAILABLE,,CENTER_OF_IMAGE_ANCHOR_V2,xl/media/image3.png,materials/MAT-109_01.png,True,False,True,HIGH,True,SOURCE_BATCH + SOFT_AFFINITY; category is not a restriction.
MAT-110,mat-110,Raspberry PI 4 model B 4g RAM(case/fan/ hdmi cable/charger),Raspberry Pi,electronics-components,1,pieces,GOOD,STUDENT_LEFTOVER,False,350,user8@impactloop.demo,شهد الأغا,INDIVIDUAL,الخليل,True,True,Reusable Raspberry Pi listing prepared from documented graduation-project hardware data. Suitable for practical prototyping and learning builds.,"Robotics, sensor prototypes, automation, and learning projects.",raspberry-pi|single-board-computer,,Untitled spreadsheet (1).xlsx,9,MAT-110,350,SOURCE_NORMALIZED,Normalized directly from source quantity/price fields.,DEMO_DEFAULT_GOOD,LIKELY_AVAILABLE,,CENTER_OF_IMAGE_ANCHOR_V2,xl/media/image8.png,materials/MAT-110_01.png,True,False,True,HIGH,True,SOURCE_BATCH + SOFT_AFFINITY; category is not a restriction.
MAT-111,mat-111,Logitech Camera,Camera Module,electronics-components,1,pieces,GOOD,STUDENT_LEFTOVER,False,60,user8@impactloop.demo,شهد الأغا,INDIVIDUAL,الخليل,True,True,Reusable Camera Module listing prepared from documented graduation-project hardware data. Suitable for practical prototyping and learning builds.,"Measurement, monitoring, robotics, and smart-device prototypes.",electronics_components,,Untitled spreadsheet (1).xlsx,10,MAT-111,60,SOURCE_NORMALIZED,Normalized directly from source quantity/price fields.,DEMO_DEFAULT_GOOD,LIKELY_AVAILABLE,,CENTER_OF_IMAGE_ANCHOR_V2,xl/media/image7.png,materials/MAT-111_01.png,True,False,True,HIGH,True,SOURCE_BATCH + SOFT_AFFINITY; category is not a restriction.
MAT-112,mat-112,Ultrasonic,Ultrasonic Sensor,electronics-components,1,pieces,GOOD,STUDENT_LEFTOVER,False,10,user8@impactloop.demo,شهد الأغا,INDIVIDUAL,الخليل,True,True,Reusable Ultrasonic Sensor listing prepared from documented graduation-project hardware data. Suitable for practical prototyping and learning builds.,"Measurement, monitoring, robotics, and smart-device prototypes.",sensor,,Untitled spreadsheet (1).xlsx,11,MAT-112,10,SOURCE_NORMALIZED,Normalized directly from source quantity/price fields.,DEMO_DEFAULT_GOOD,LIKELY_AVAILABLE,,CENTER_OF_IMAGE_ANCHOR_V2,xl/media/image1.png,materials/MAT-112_01.png,True,False,True,HIGH,True,SOURCE_BATCH + SOFT_AFFINITY; category is not a restriction.
MAT-113,mat-113,Aux Speakers,Speaker,electronics-components,1,pieces,GOOD,STUDENT_LEFTOVER,False,15,user8@impactloop.demo,شهد الأغا,INDIVIDUAL,الخليل,True,True,Reusable Speaker listing prepared from documented graduation-project hardware data. Suitable for practical prototyping and learning builds.,"Repair, prototyping, maker projects, and practical learning builds.",electronics_components,,Untitled spreadsheet (1).xlsx,12,MAT-113,15,SOURCE_NORMALIZED,Normalized directly from source quantity/price fields.,DEMO_DEFAULT_GOOD,LIKELY_AVAILABLE,,CENTER_OF_IMAGE_ANCHOR_V2,xl/media/image14.png,materials/MAT-113_01.png,True,False,True,HIGH,True,SOURCE_BATCH + SOFT_AFFINITY; category is not a restriction.
MAT-114,mat-114,Screws with nuts 15cm each (سمونات - رونديلات),Screws & Nuts,metal-fasteners,8,pieces,GOOD,STUDENT_LEFTOVER,False,2.5,user8@impactloop.demo,شهد الأغا,INDIVIDUAL,الخليل,True,True,Reusable Screws & Nuts listing prepared from documented graduation-project hardware data. Suitable for practical prototyping and learning builds.,"Frames, enclosures, assembly, and reusable prototype structures.",metal_fasteners,,Untitled spreadsheet (1).xlsx,13,MAT-114,20 in total,SOURCE_NORMALIZED,Normalized directly from source quantity/price fields.,DEMO_DEFAULT_GOOD,LIKELY_AVAILABLE,,CENTER_OF_IMAGE_ANCHOR_V2,xl/media/image10.png,materials/MAT-114_01.png,True,False,True,HIGH,True,SOURCE_BATCH + SOFT_AFFINITY; category is not a restriction.
MAT-115,mat-115,5 Pin Connector,Connector,electronics-components,3,pieces,GOOD,STUDENT_LEFTOVER,True,0,user8@impactloop.demo,شهد الأغا,INDIVIDUAL,الخليل,True,True,Reusable Connector listing prepared from documented graduation-project hardware data. Suitable for practical prototyping and learning builds.,"Circuit wiring, prototyping, repair, and classroom electronics.",connector|wiring,,Untitled spreadsheet (1).xlsx,14,MAT-115,For free,SOURCE_NORMALIZED,Normalized directly from source quantity/price fields.,DEMO_DEFAULT_GOOD,LIKELY_AVAILABLE,,CENTER_OF_IMAGE_ANCHOR_V2,xl/media/image13.png,materials/MAT-115_01.png,True,False,True,HIGH,True,SOURCE_BATCH + SOFT_AFFINITY; category is not a restriction.
MAT-116,mat-116,On/Off switch,Switch / Input Component,electronics-components,3,pieces,GOOD,STUDENT_LEFTOVER,True,0,user8@impactloop.demo,شهد الأغا,INDIVIDUAL,الخليل,True,True,Reusable Switch / Input Component listing prepared from documented graduation-project hardware data. Suitable for practical prototyping and learning builds.,"Circuit wiring, prototyping, repair, and classroom electronics.",switch|electronics,,Untitled spreadsheet (1).xlsx,15,MAT-116,For free,SOURCE_NORMALIZED,Normalized directly from source quantity/price fields.,DEMO_DEFAULT_GOOD,LIKELY_AVAILABLE,,CENTER_OF_IMAGE_ANCHOR_V2,xl/media/image2.png,materials/MAT-116_01.png,True,False,True,HIGH,True,SOURCE_BATCH + SOFT_AFFINITY; category is not a restriction.
MAT-117,mat-117,Wheels 85mm. (مناح بتحملو بس حتيناهم عشان الspikes),Wheel / Caster,motors-mechanical,2,pieces,GOOD,STUDENT_LEFTOVER,False,20,user8@impactloop.demo,شهد الأغا,INDIVIDUAL,الخليل,True,True,Reusable Wheel / Caster listing prepared from documented graduation-project hardware data. Suitable for practical prototyping and learning builds.,"Repair, prototyping, maker projects, and practical learning builds.",motors_mechanical,,Untitled spreadsheet (1).xlsx,16,MAT-117,20,SOURCE_NORMALIZED,Normalized directly from source quantity/price fields.,DEMO_DEFAULT_GOOD,LIKELY_AVAILABLE,,CENTER_OF_IMAGE_ANCHOR_V2,xl/media/image11.png,materials/MAT-117_01.png,True,False,True,HIGH,True,SOURCE_BATCH + SOFT_AFFINITY; category is not a restriction.
MAT-118,mat-118,Mega 2560,Arduino Mega 2560,electronics-components,1,pieces,NEEDS_REPAIR,STUDENT_LEFTOVER,False,70,user53@impactloop.demo,ماهر الشريف,INDIVIDUAL,أريحا,True,True,Reusable Arduino Mega 2560 listing prepared from documented graduation-project hardware data. Source note: - Pin 31 damaged. -With its USB,"Robotics, sensor prototypes, automation, and learning projects.",arduino|microcontroller,,Untitled spreadsheet.xlsx,2,MAT-118,70,SOURCE_NORMALIZED,Normalized directly from source quantity/price fields.,SOURCE_TEXT_DAMAGE,LIKELY_AVAILABLE,- Pin 31 damaged. -With its USB,CENTER_OF_IMAGE_ANCHOR_V2,xl/media/image4.png,materials/MAT-118_01.png,True,False,True,HIGH,True,SOURCE_BATCH + SOFT_AFFINITY; category is not a restriction.
MAT-119,mat-119,JGB37-520 12V 60RPM 37mm DC Gear Motor With Encoder 6mm Shaft,DC Motor,motors-mechanical,4,pieces,USED,STUDENT_LEFTOVER,False,100,user53@impactloop.demo,ماهر الشريف,INDIVIDUAL,أريحا,True,True,"Reusable DC Motor listing prepared from documented graduation-project hardware data. Source note: - One of them harmed a little / the encoder wire was damaged, we fixed it by controlling the trim – PWM – for each by code With its Bracket and connecter","Robotics, motion systems, CNC-style prototypes, and mechanical builds.",motor|robotics,,Untitled spreadsheet.xlsx,3,MAT-119,100 for each,SOURCE_NORMALIZED,Normalized directly from source quantity/price fields.,SOURCE_TEXT_USED_OR_REPAIRED,LIKELY_AVAILABLE,"- One of them harmed a little / the encoder wire was damaged, we fixed it by controlling the trim – PWM – for each by code With its Bracket and connecter",CENTER_OF_IMAGE_ANCHOR_V2,xl/media/image10.png,materials/MAT-119_01.png,True,False,True,HIGH,True,SOURCE_BATCH + SOFT_AFFINITY; category is not a restriction.
MAT-120,mat-120,Double-Plate Nylon Omni Mecanum Wheel 58mm,Wheel / Caster,motors-mechanical,4,pieces,GOOD,STUDENT_LEFTOVER,False,90,user53@impactloop.demo,ماهر الشريف,INDIVIDUAL,أريحا,True,True,Reusable Wheel / Caster listing prepared from documented graduation-project hardware data. Suitable for practical prototyping and learning builds.,"Repair, prototyping, maker projects, and practical learning builds.",motors_mechanical,,Untitled spreadsheet.xlsx,4,MAT-120,90 for each,SOURCE_NORMALIZED,Normalized directly from source quantity/price fields.,DEMO_DEFAULT_GOOD,LIKELY_AVAILABLE,,CENTER_OF_IMAGE_ANCHOR_V2,xl/media/image2.png,materials/MAT-120_01.png,True,False,True,HIGH,True,SOURCE_BATCH + SOFT_AFFINITY; category is not a restriction.
MAT-121,mat-121,L298N driver,L298N Motor Driver,electronics-components,3,pieces,GOOD,STUDENT_LEFTOVER,False,15,user53@impactloop.demo,ماهر الشريف,INDIVIDUAL,أريحا,True,True,Reusable L298N Motor Driver listing prepared from documented graduation-project hardware data. Source note: -,"Motor control, robot motion, and automation prototypes.",motor|robotics,,Untitled spreadsheet.xlsx,5,MAT-121,15 for each,SOURCE_NORMALIZED,Normalized directly from source quantity/price fields.,DEMO_DEFAULT_GOOD,LIKELY_AVAILABLE,-,CENTER_OF_IMAGE_ANCHOR_V2,xl/media/image17.png,materials/MAT-121_01.png,True,False,True,HIGH,True,SOURCE_BATCH + SOFT_AFFINITY; category is not a restriction.
MAT-122,mat-122,Ultrasonic Sensor,Ultrasonic Sensor,electronics-components,4,pieces,GOOD,STUDENT_LEFTOVER,False,7,user53@impactloop.demo,ماهر الشريف,INDIVIDUAL,أريحا,True,True,Reusable Ultrasonic Sensor listing prepared from documented graduation-project hardware data. Suitable for practical prototyping and learning builds.,"Measurement, monitoring, robotics, and smart-device prototypes.",sensor,,Untitled spreadsheet.xlsx,6,MAT-122,7 for each,SOURCE_NORMALIZED,Normalized directly from source quantity/price fields.,DEMO_DEFAULT_GOOD,LIKELY_AVAILABLE,,CENTER_OF_IMAGE_ANCHOR_V2,xl/media/image8.png,materials/MAT-122_01.png,True,False,True,HIGH,True,SOURCE_BATCH + SOFT_AFFINITY; category is not a restriction.
MAT-123,mat-123,NEMA17 Stepper Motor 1.8A 17HS8401 0.52N Shaft Size 4.5x23mm 48mm Height,Stepper Motor,motors-mechanical,1,pieces,GOOD,STUDENT_LEFTOVER,False,70,user53@impactloop.demo,ماهر الشريف,INDIVIDUAL,أريحا,True,True,Reusable Stepper Motor listing prepared from documented graduation-project hardware data. Suitable for practical prototyping and learning builds.,"Robotics, motion systems, CNC-style prototypes, and mechanical builds.",motor|robotics,,Untitled spreadsheet.xlsx,7,MAT-123,70,SOURCE_NORMALIZED,Normalized directly from source quantity/price fields.,DEMO_DEFAULT_GOOD,LIKELY_AVAILABLE,,CENTER_OF_IMAGE_ANCHOR_V2,xl/media/image15.png,materials/MAT-123_01.png,True,False,True,HIGH,True,SOURCE_BATCH + SOFT_AFFINITY; category is not a restriction.
MAT-124,mat-124,DRV8825 Stepper Driver,DRV8825 Stepper Motor Driver,electronics-components,1,pieces,GOOD,STUDENT_LEFTOVER,False,15,user53@impactloop.demo,ماهر الشريف,INDIVIDUAL,أريحا,True,True,Reusable DRV8825 Stepper Motor Driver listing prepared from documented graduation-project hardware data. Suitable for practical prototyping and learning builds.,"Motor control, robot motion, and automation prototypes.",motor|robotics,,Untitled spreadsheet.xlsx,8,MAT-124,15,SOURCE_NORMALIZED,Normalized directly from source quantity/price fields.,DEMO_DEFAULT_GOOD,LIKELY_AVAILABLE,,CENTER_OF_IMAGE_ANCHOR_V2,xl/media/image6.png,materials/MAT-124_01.png,True,False,True,HIGH,True,SOURCE_BATCH + SOFT_AFFINITY; category is not a restriction.
MAT-125,mat-125,Metal High Torque Servo Motor 40KG CYS-S8218 6.0~7.4Volts,Servo Motor,motors-mechanical,1,piece,GOOD,STUDENT_LEFTOVER,False,210,user53@impactloop.demo,ماهر الشريف,INDIVIDUAL,أريحا,True,True,Reusable Servo Motor listing prepared from documented graduation-project hardware data. Suitable for practical prototyping and learning builds.,"Robotics, motion systems, CNC-style prototypes, and mechanical builds.",motor|robotics|servo,,Untitled spreadsheet.xlsx,9,MAT-125,210,SOURCE_PRICE_WITH_DEMO_QUANTITY,Source has 210 NIS price but missing quantity; quantity set to 1 as the smallest non-inventive demo assumption for a singular motor listing.,DEMO_DEFAULT_GOOD,UNKNOWN,,CENTER_OF_IMAGE_ANCHOR_V2,xl/media/image19.png,materials/MAT-125_01.png,True,False,True,MEDIUM,True,SOURCE_BATCH + SOFT_AFFINITY; category is not a restriction.
MAT-126,mat-126,MGN12H Carriage + 40 cm MGN12 Linear Rail Set,Linear Rail / Slider,motors-mechanical,1,set,USED,STUDENT_LEFTOVER,False,150,user53@impactloop.demo,ماهر الشريف,INDIVIDUAL,أريحا,True,False,"Reusable Linear Rail / Slider listing prepared from documented graduation-project hardware data. Source note: It had previously come off the rail and was manually re-railed, so it's not as sturdy as new, but it's still normally usable, depending on the function. For example, we used it normally for our project with the stepper NEMA 17.","Robotics, motion systems, CNC-style prototypes, and mechanical builds.",motors_mechanical,MGN12H Steel Slide Block Carriage Unit For MGN12 12mm Linear Guide Rail MGN12 12mm Linear Guide Rail 40cm,Untitled spreadsheet.xlsx,10,MAT-126,150 for both,PARSED_BUNDLE_TOTAL,Source explicitly states '150 for both'; represented as one carriage+rail set.,SOURCE_TEXT_USED_OR_REPAIRED,LIKELY_AVAILABLE,"It had previously come off the rail and was manually re-railed, so it's not as sturdy as new, but it's still normally usable, depending on the function. For example, we used it normally for our project with the stepper NEMA 17.",CENTER_OF_IMAGE_ANCHOR_V2,xl/media/image14.png,materials/MAT-126_01.png,True,False,True,HIGH,True,SOURCE_BATCH + SOFT_AFFINITY; category is not a restriction.
MAT-127,mat-127,LM2596 Adjustable Step Down Buck Converter Module With Display 4-40V To 1.25-37V 3A,Buck Converter,electronics-components,1,pieces,GOOD,STUDENT_LEFTOVER,False,20,user53@impactloop.demo,ماهر الشريف,INDIVIDUAL,أريحا,True,True,Reusable Buck Converter listing prepared from documented graduation-project hardware data. Suitable for practical prototyping and learning builds.,"Powering electronics, portable prototypes, charging, and voltage regulation.",electronics_components,,Untitled spreadsheet.xlsx,11,MAT-127,20,SOURCE_NORMALIZED,Normalized directly from source quantity/price fields.,DEMO_DEFAULT_GOOD,LIKELY_AVAILABLE,,CENTER_OF_IMAGE_ANCHOR_V2,xl/media/image18.png,materials/MAT-127_01.png,True,False,True,HIGH,True,SOURCE_BATCH + SOFT_AFFINITY; category is not a restriction.
MAT-129,mat-129,DC-DC Adjustable Step Down Buck Converter Module With Current Control 5-40V To 1.2-35 9A 300W,Buck Converter,electronics-components,1,pieces,GOOD,STUDENT_LEFTOVER,False,70,user53@impactloop.demo,ماهر الشريف,INDIVIDUAL,أريحا,True,True,Reusable Buck Converter listing prepared from documented graduation-project hardware data. Suitable for practical prototyping and learning builds.,"Powering electronics, portable prototypes, charging, and voltage regulation.",electronics_components,,Untitled spreadsheet.xlsx,13,MAT-129,70,SOURCE_NORMALIZED,Normalized directly from source quantity/price fields.,DEMO_DEFAULT_GOOD,LIKELY_AVAILABLE,,CENTER_OF_IMAGE_ANCHOR_V2,xl/media/image7.png,materials/MAT-129_01.png,True,False,True,HIGH,True,SOURCE_BATCH + SOFT_AFFINITY; category is not a restriction.
MAT-130,mat-130,LM2596 Adjustable Step Down Buck Converter Module 3.2-35V To 1.25-30V 2A,Buck Converter,electronics-components,1,pieces,GOOD,STUDENT_LEFTOVER,False,15,user53@impactloop.demo,ماهر الشريف,INDIVIDUAL,أريحا,True,True,Reusable Buck Converter listing prepared from documented graduation-project hardware data. Suitable for practical prototyping and learning builds.,"Powering electronics, portable prototypes, charging, and voltage regulation.",electronics_components,,Untitled spreadsheet.xlsx,14,MAT-130,15,SOURCE_NORMALIZED,Normalized directly from source quantity/price fields.,DEMO_DEFAULT_GOOD,LIKELY_AVAILABLE,,CENTER_OF_IMAGE_ANCHOR_V2,xl/media/image13.png,materials/MAT-130_01.png,True,False,True,HIGH,True,SOURCE_BATCH + SOFT_AFFINITY; category is not a restriction.
MAT-131,mat-131,12V DC Linear Actuator 30mm Stroke 8mm/s 70N Force LA-WR,Linear Actuator,motors-mechanical,1,pieces,LIKE_NEW,STUDENT_LEFTOVER,False,160,user53@impactloop.demo,ماهر الشريف,INDIVIDUAL,أريحا,True,False,Reusable Linear Actuator listing prepared from documented graduation-project hardware data. Source note: It is almost not used,"Robotics, motion systems, CNC-style prototypes, and mechanical builds.",motors_mechanical,,Untitled spreadsheet.xlsx,15,MAT-131,160,SOURCE_NORMALIZED,Normalized directly from source quantity/price fields.,SOURCE_TEXT_ALMOST_UNUSED,LIKELY_AVAILABLE,It is almost not used,CENTER_OF_IMAGE_ANCHOR_V2,xl/media/image1.png,materials/MAT-131_01.png,True,False,True,HIGH,True,SOURCE_BATCH + SOFT_AFFINITY; category is not a restriction.
MAT-132,mat-132,DS558HV servo,Servo Motor,motors-mechanical,1,pieces,GOOD,STUDENT_LEFTOVER,False,30,user53@impactloop.demo,ماهر الشريف,INDIVIDUAL,أريحا,True,True,Reusable Servo Motor listing prepared from documented graduation-project hardware data. Suitable for practical prototyping and learning builds.,"Robotics, motion systems, CNC-style prototypes, and mechanical builds.",motor|robotics|servo,,Untitled spreadsheet.xlsx,16,MAT-132,30,SOURCE_NORMALIZED,Normalized directly from source quantity/price fields.,DEMO_DEFAULT_GOOD,LIKELY_AVAILABLE,,CENTER_OF_IMAGE_ANCHOR_V2,xl/media/image21.png,materials/MAT-132_01.png,True,False,True,HIGH,True,SOURCE_BATCH + SOFT_AFFINITY; category is not a restriction.
MAT-133,mat-133,20KG 270 Degree Metal High Torque Digital Standard Servo Motor DS3218 MG 4.8-6.8V,Servo Motor,motors-mechanical,1,pieces,GOOD,STUDENT_LEFTOVER,False,150,user53@impactloop.demo,ماهر الشريف,INDIVIDUAL,أريحا,True,True,Reusable Servo Motor listing prepared from documented graduation-project hardware data. Suitable for practical prototyping and learning builds.,"Robotics, motion systems, CNC-style prototypes, and mechanical builds.",motor|robotics|servo,,Untitled spreadsheet.xlsx,17,MAT-133,150,SOURCE_NORMALIZED,Normalized directly from source quantity/price fields.,DEMO_DEFAULT_GOOD,LIKELY_AVAILABLE,,CENTER_OF_IMAGE_ANCHOR_V2,xl/media/image9.png,materials/MAT-133_01.png,True,False,True,HIGH,True,SOURCE_BATCH + SOFT_AFFINITY; category is not a restriction.
MAT-134,mat-134,11.1V 3S 2800mAh 35C LiPO Battery T-plug Highrate RC Hobby Model Lipolymer (power TM),Battery,power-batteries,1,pieces,GOOD,STUDENT_LEFTOVER,False,140,user53@impactloop.demo,ماهر الشريف,INDIVIDUAL,أريحا,True,True,Reusable Battery listing prepared from documented graduation-project hardware data. Source note: - Can charge it up to 12.6v,"Powering electronics, portable prototypes, charging, and voltage regulation.",battery|power,,Untitled spreadsheet.xlsx,18,MAT-134,140,SOURCE_NORMALIZED,Normalized directly from source quantity/price fields.,DEMO_DEFAULT_GOOD,LIKELY_AVAILABLE,- Can charge it up to 12.6v,CENTER_OF_IMAGE_ANCHOR_V2,xl/media/image5.png,materials/MAT-134_01.png,True,False,True,HIGH,True,SOURCE_BATCH + SOFT_AFFINITY; category is not a restriction.
MAT-135,mat-135,IMAX B3AC LIPO Lithium Battery Charger 2s 3s Charging Current : 3*800mA,Battery Charger,power-batteries,1,pieces,GOOD,STUDENT_LEFTOVER,False,55,user53@impactloop.demo,ماهر الشريف,INDIVIDUAL,أريحا,True,True,Reusable Battery Charger listing prepared from documented graduation-project hardware data. Suitable for practical prototyping and learning builds.,"Powering electronics, portable prototypes, charging, and voltage regulation.",battery|power,,Untitled spreadsheet.xlsx,19,MAT-135,55,SOURCE_NORMALIZED,Normalized directly from source quantity/price fields.,DEMO_DEFAULT_GOOD,LIKELY_AVAILABLE,,CENTER_OF_IMAGE_ANCHOR_V2,xl/media/image11.png,materials/MAT-135_01.png,True,False,True,HIGH,True,SOURCE_BATCH + SOFT_AFFINITY; category is not a restriction.
MAT-136,mat-136,GT2 Timing Pulley Bore 8mm GT2 16 Teeth Idler Pulley Bore 3mm,Pulley,motors-mechanical,1,pieces,GOOD,STUDENT_LEFTOVER,False,50,user53@impactloop.demo,ماهر الشريف,INDIVIDUAL,أريحا,True,True,Reusable Pulley listing prepared from documented graduation-project hardware data. Source note: - مع الحبل المخصص للبكرة متر ونصف + قطعة الوصل بين الحبل والبكرة المطبوعة GT2 Idler Pulley Support M3,"Robotics, motion systems, CNC-style prototypes, and mechanical builds.",motors_mechanical,,Untitled spreadsheet.xlsx,20,MAT-136,50,SOURCE_NORMALIZED,Normalized directly from source quantity/price fields.,DEMO_DEFAULT_GOOD,LIKELY_AVAILABLE,- مع الحبل المخصص للبكرة متر ونصف + قطعة الوصل بين الحبل والبكرة المطبوعة GT2 Idler Pulley Support M3,CENTER_OF_IMAGE_ANCHOR_V2,xl/media/image12.png; xl/media/image16.png; xl/media/image3.png,materials/MAT-136_01.png; materials/MAT-136_02.png; materials/MAT-136_03.png,True,False,True,HIGH,True,SOURCE_BATCH + SOFT_AFFINITY; category is not a restriction.
MAT-144,mat-144,H-bridge,H-Bridge Motor Driver,electronics-components,3,pieces,GOOD,WORKSHOP_SURPLUS,False,15,user60@impactloop.demo,مركز الحرف الخضراء لإعادة الاستخدام,ORGANIZATION,جنين,True,True,Reusable H-Bridge Motor Driver listing prepared from documented graduation-project hardware data. Suitable for practical prototyping and learning builds.,"Motor control, robot motion, and automation prototypes.",motor|robotics,,component.xlsx,9,MAT-144,15,SOURCE_NORMALIZED,Normalized directly from source quantity/price fields.,DEMO_DEFAULT_GOOD,AVAILABLE,,CENTER_OF_IMAGE_ANCHOR_V2,xl/media/image30.png,materials/MAT-144_01.png,True,False,True,HIGH,True,SOURCE_BATCH + SOFT_AFFINITY; category is not a restriction.
MAT-145,mat-145,Driver( 5A ),Motor Driver,electronics-components,1,pieces,GOOD,WORKSHOP_SURPLUS,False,50,user60@impactloop.demo,مركز الحرف الخضراء لإعادة الاستخدام,ORGANIZATION,جنين,True,True,Reusable Motor Driver listing prepared from documented graduation-project hardware data. Source note: YS-DIV268N-5A,"Motor control, robot motion, and automation prototypes.",motor|robotics,,component.xlsx,10,MAT-145,50,SOURCE_NORMALIZED,Normalized directly from source quantity/price fields.,DEMO_DEFAULT_GOOD,AVAILABLE,YS-DIV268N-5A,CENTER_OF_IMAGE_ANCHOR_V2,xl/media/image20.png,materials/MAT-145_01.png,True,False,True,HIGH,True,SOURCE_BATCH + SOFT_AFFINITY; category is not a restriction.
MAT-146,mat-146,water pump,Pump,motors-mechanical,1,pieces,GOOD,WORKSHOP_SURPLUS,False,15,user60@impactloop.demo,مركز الحرف الخضراء لإعادة الاستخدام,ORGANIZATION,جنين,True,True,Reusable Pump listing prepared from documented graduation-project hardware data. Suitable for practical prototyping and learning builds.,"Robotics, motion systems, CNC-style prototypes, and mechanical builds.",motors_mechanical,,component.xlsx,11,MAT-146,15,SOURCE_NORMALIZED,Normalized directly from source quantity/price fields.,DEMO_DEFAULT_GOOD,AVAILABLE,,CENTER_OF_IMAGE_ANCHOR_V2,xl/media/image19.png,materials/MAT-146_01.png,True,False,True,HIGH,True,SOURCE_BATCH + SOFT_AFFINITY; category is not a restriction.
MAT-147,mat-147,Thermocouple Temperature Sensor With MAX6675 Amplifier Module,Thermocouple Sensor,electronics-components,1,pieces,GOOD,WORKSHOP_SURPLUS,False,20,user60@impactloop.demo,مركز الحرف الخضراء لإعادة الاستخدام,ORGANIZATION,جنين,True,True,Reusable Thermocouple Sensor listing prepared from documented graduation-project hardware data. Suitable for practical prototyping and learning builds.,"Measurement, monitoring, robotics, and smart-device prototypes.",sensor,,component.xlsx,12,MAT-147,20,SOURCE_NORMALIZED,Normalized directly from source quantity/price fields.,DEMO_DEFAULT_GOOD,AVAILABLE,,CENTER_OF_IMAGE_ANCHOR_V2,xl/media/image28.png,materials/MAT-147_01.png,True,False,True,HIGH,True,SOURCE_BATCH + SOFT_AFFINITY; category is not a restriction.
MAT-148,mat-148,ultrasonic sensor,Ultrasonic Sensor,electronics-components,1,pieces,GOOD,WORKSHOP_SURPLUS,False,10,user60@impactloop.demo,مركز الحرف الخضراء لإعادة الاستخدام,ORGANIZATION,جنين,True,True,Reusable Ultrasonic Sensor listing prepared from documented graduation-project hardware data. Suitable for practical prototyping and learning builds.,"Measurement, monitoring, robotics, and smart-device prototypes.",sensor,,component.xlsx,13,MAT-148,10,SOURCE_NORMALIZED,Normalized directly from source quantity/price fields.,DEMO_DEFAULT_GOOD,AVAILABLE,,CENTER_OF_IMAGE_ANCHOR_V2,xl/media/image5.png,materials/MAT-148_01.png,True,False,True,HIGH,True,SOURCE_BATCH + SOFT_AFFINITY; category is not a restriction.
MAT-149,mat-149,Relay 1-chanel,Relay Module,electronics-components,1,pieces,GOOD,WORKSHOP_SURPLUS,False,5,user60@impactloop.demo,مركز الحرف الخضراء لإعادة الاستخدام,ORGANIZATION,جنين,True,True,Reusable Relay Module listing prepared from documented graduation-project hardware data. Suitable for practical prototyping and learning builds.,"Repair, prototyping, maker projects, and practical learning builds.",relay|electronics,,component.xlsx,14,MAT-149,5,SOURCE_NORMALIZED,Normalized directly from source quantity/price fields.,DEMO_DEFAULT_GOOD,AVAILABLE,,CENTER_OF_IMAGE_ANCHOR_V2,xl/media/image13.png,materials/MAT-149_01.png,True,False,True,HIGH,True,SOURCE_BATCH + SOFT_AFFINITY; category is not a restriction.
MAT-150,mat-150,Relay 2-chanel,Relay Module,electronics-components,3,pieces,GOOD,WORKSHOP_SURPLUS,False,10,user60@impactloop.demo,مركز الحرف الخضراء لإعادة الاستخدام,ORGANIZATION,جنين,True,True,Reusable Relay Module listing prepared from documented graduation-project hardware data. Suitable for practical prototyping and learning builds.,"Repair, prototyping, maker projects, and practical learning builds.",relay|electronics,,component.xlsx,15,MAT-150,10,SOURCE_NORMALIZED,Normalized directly from source quantity/price fields.,DEMO_DEFAULT_GOOD,AVAILABLE,,CENTER_OF_IMAGE_ANCHOR_V2,xl/media/image12.png,materials/MAT-150_01.png,True,False,True,HIGH,True,SOURCE_BATCH + SOFT_AFFINITY; category is not a restriction.
MAT-152,mat-152,stepper motor NEMA23,Stepper Motor,motors-mechanical,1,pieces,GOOD,WORKSHOP_SURPLUS,False,80,user60@impactloop.demo,مركز الحرف الخضراء لإعادة الاستخدام,ORGANIZATION,جنين,True,True,Reusable Stepper Motor listing prepared from documented graduation-project hardware data. Suitable for practical prototyping and learning builds.,"Robotics, motion systems, CNC-style prototypes, and mechanical builds.",motor|robotics,,component.xlsx,17,MAT-152,80,SOURCE_NORMALIZED,Normalized directly from source quantity/price fields.,DEMO_DEFAULT_GOOD,AVAILABLE,,CENTER_OF_IMAGE_ANCHOR_V2,xl/media/image31.png,materials/MAT-152_01.png,True,False,True,HIGH,True,SOURCE_BATCH + SOFT_AFFINITY; category is not a restriction.
MAT-153,mat-153,stepper motor NEMA17 1.8A,Stepper Motor,motors-mechanical,4,pieces,GOOD,WORKSHOP_SURPLUS,False,50,user60@impactloop.demo,مركز الحرف الخضراء لإعادة الاستخدام,ORGANIZATION,جنين,True,True,Reusable Stepper Motor listing prepared from documented graduation-project hardware data. Source note: With cabler,"Robotics, motion systems, CNC-style prototypes, and mechanical builds.",motor|robotics,,component.xlsx,18,MAT-153,50,SOURCE_NORMALIZED,Normalized directly from source quantity/price fields.,DEMO_DEFAULT_GOOD,AVAILABLE,With cabler,CENTER_OF_IMAGE_ANCHOR_V2,xl/media/image24.png,materials/MAT-153_01.png,True,False,True,HIGH,True,SOURCE_BATCH + SOFT_AFFINITY; category is not a restriction.
MAT-154,mat-154,limit switch,Switch / Input Component,electronics-components,1,pieces,GOOD,WORKSHOP_SURPLUS,False,5,user60@impactloop.demo,مركز الحرف الخضراء لإعادة الاستخدام,ORGANIZATION,جنين,True,True,Reusable Switch / Input Component listing prepared from documented graduation-project hardware data. Suitable for practical prototyping and learning builds.,"Circuit wiring, prototyping, repair, and classroom electronics.",switch|electronics,,component.xlsx,19,MAT-154,5,SOURCE_NORMALIZED,Normalized directly from source quantity/price fields.,DEMO_DEFAULT_GOOD,AVAILABLE,,CENTER_OF_IMAGE_ANCHOR_V2,xl/media/image3.png,materials/MAT-154_01.png,True,False,True,HIGH,True,SOURCE_BATCH + SOFT_AFFINITY; category is not a restriction.
MAT-158,mat-158,Large Breadboard,Breadboard,electronics-components,1,piece,GOOD,WORKSHOP_SURPLUS,False,8,user60@impactloop.demo,مركز الحرف الخضراء لإعادة الاستخدام,ORGANIZATION,جنين,True,True,Reusable Breadboard listing prepared from documented graduation-project hardware data. Suitable for practical prototyping and learning builds.,"Circuit wiring, prototyping, repair, and classroom electronics.",breadboard|prototyping,breadboard,component.xlsx,23,MAT-158,حجم كبير -8,PARSED_ARABIC_PRICE_TEXT,"Source text 'حجم كبير -8' interpreted as large size, 8 NIS.",DEMO_DEFAULT_GOOD,AVAILABLE,,CENTER_OF_IMAGE_ANCHOR_V2,xl/media/image4.png,materials/MAT-158_01.png,True,False,True,HIGH,True,SOURCE_BATCH + SOFT_AFFINITY; category is not a restriction.
MAT-159,mat-159,Air Piston,Pneumatic Component,motors-mechanical,2,pieces,GOOD,WORKSHOP_SURPLUS,False,70,user60@impactloop.demo,مركز الحرف الخضراء لإعادة الاستخدام,ORGANIZATION,جنين,True,False,Reusable Pneumatic Component listing prepared from documented graduation-project hardware data. Source note: + برابيش,"Repair, prototyping, maker projects, and practical learning builds.",motors_mechanical,Piston,component.xlsx,24,MAT-159,air piston 70 vulve 12volt 70,PARSED_COMPONENT_PRICE,Source text states air piston 70; valve is separately mentioned at 70 and is not silently added as a second row.,DEMO_DEFAULT_GOOD,AVAILABLE,+ برابيش,CENTER_OF_IMAGE_ANCHOR_V2,xl/media/image7.png,materials/MAT-159_01.png,True,False,True,HIGH,True,SOURCE_BATCH + SOFT_AFFINITY; category is not a restriction.
MAT-160,mat-160,3D Printed Dispenser حجم صغير,3D-Printed Part,plastics-acrylic,2,pieces,GOOD,WORKSHOP_SURPLUS,False,80,user60@impactloop.demo,مركز الحرف الخضراء لإعادة الاستخدام,ORGANIZATION,جنين,True,True,Reusable 3D-Printed Part listing prepared from documented graduation-project hardware data. Suitable for practical prototyping and learning builds.,"Custom mechanisms, dispensing prototypes, fixtures, and maker projects.",3d-print|prototype,,component.xlsx,25,MAT-160,80,SOURCE_NORMALIZED,Normalized directly from source quantity/price fields.,DEMO_DEFAULT_GOOD,AVAILABLE,,CENTER_OF_IMAGE_ANCHOR_V2,xl/media/image2.png,materials/MAT-160_01.png,True,False,True,HIGH,True,SOURCE_BATCH + SOFT_AFFINITY; category is not a restriction.
MAT-161,mat-161,3D Printed Dispenser حجم كبير,3D-Printed Part,plastics-acrylic,1,pieces,GOOD,WORKSHOP_SURPLUS,False,100,user60@impactloop.demo,مركز الحرف الخضراء لإعادة الاستخدام,ORGANIZATION,جنين,True,True,Reusable 3D-Printed Part listing prepared from documented graduation-project hardware data. Suitable for practical prototyping and learning builds.,"Custom mechanisms, dispensing prototypes, fixtures, and maker projects.",3d-print|prototype,,component.xlsx,26,MAT-161,100,SOURCE_NORMALIZED,Normalized directly from source quantity/price fields.,DEMO_DEFAULT_GOOD,AVAILABLE,,CENTER_OF_IMAGE_ANCHOR_V2,xl/media/image33.png,materials/MAT-161_01.png,True,False,True,HIGH,True,SOURCE_BATCH + SOFT_AFFINITY; category is not a restriction.
MAT-162,mat-162,ذراع 3d لفتح dispenser,3D-Printed Part,plastics-acrylic,3,pieces,GOOD,WORKSHOP_SURPLUS,False,30,user60@impactloop.demo,مركز الحرف الخضراء لإعادة الاستخدام,ORGANIZATION,جنين,True,True,Reusable 3D-Printed Part listing prepared from documented graduation-project hardware data. Suitable for practical prototyping and learning builds.,"Custom mechanisms, dispensing prototypes, fixtures, and maker projects.",3d-print|prototype,,component.xlsx,27,MAT-162,30,SOURCE_NORMALIZED,Normalized directly from source quantity/price fields.,DEMO_DEFAULT_GOOD,AVAILABLE,,CENTER_OF_IMAGE_ANCHOR_V2,xl/media/image21.png,materials/MAT-162_01.png,True,False,True,HIGH,True,SOURCE_BATCH + SOFT_AFFINITY; category is not a restriction.
MAT-163,mat-163,3D-Printed Powder/Spice Dispenser + Stepper Motor,3D-Printed Dispenser Assembly,plastics-acrylic,1,set,GOOD,WORKSHOP_SURPLUS,False,110,user60@impactloop.demo,مركز الحرف الخضراء لإعادة الاستخدام,ORGANIZATION,جنين,True,True,Reusable 3D-Printed Dispenser Assembly listing prepared from documented graduation-project hardware data. Suitable for practical prototyping and learning builds.,"Custom mechanisms, dispensing prototypes, fixtures, and maker projects.",3d-print|prototype,3D Printed يمكن وضع فيه بهارات او بودرة,component.xlsx,28,MAT-163,110 with stepper motor,PARSED_COMPOSITE_TOTAL,Source says 110 NIS with stepper motor; canonicalized as a bundled set.,DEMO_DEFAULT_GOOD,AVAILABLE,,CENTER_OF_IMAGE_ANCHOR_V2,xl/media/image15.png,materials/MAT-163_01.png,True,False,True,HIGH,True,SOURCE_BATCH + SOFT_AFFINITY; category is not a restriction.
MAT-164,mat-164,Two-Syringe Liquid Dispenser + Stepper Motor,Syringe Dispenser Assembly,plastics-acrylic,1,set,GOOD,WORKSHOP_SURPLUS,False,150,user60@impactloop.demo,مركز الحرف الخضراء لإعادة الاستخدام,ORGANIZATION,جنين,True,True,Reusable Syringe Dispenser Assembly listing prepared from documented graduation-project hardware data. Suitable for practical prototyping and learning builds.,"Custom mechanisms, dispensing prototypes, fixtures, and maker projects.",plastics_acrylic,سرنجات يمكن وضع فيهم ماء او سائل,component.xlsx,29,MAT-164,150 with stepper motor,PARSED_COMPOSITE_TOTAL,Source says 150 NIS with stepper motor; two syringes represented inside one bundled set.,DEMO_DEFAULT_GOOD,AVAILABLE,,CENTER_OF_IMAGE_ANCHOR_V2,xl/media/image29.png,materials/MAT-164_01.png,True,False,True,HIGH,True,SOURCE_BATCH + SOFT_AFFINITY; category is not a restriction.
MAT-165,mat-165,cup holder,Cup Holder,plastics-acrylic,1,pieces,GOOD,WORKSHOP_SURPLUS,False,25,user60@impactloop.demo,مركز الحرف الخضراء لإعادة الاستخدام,ORGANIZATION,جنين,True,True,Reusable Cup Holder listing prepared from documented graduation-project hardware data. Suitable for practical prototyping and learning builds.,"Custom mechanisms, dispensing prototypes, fixtures, and maker projects.",plastics_acrylic,,component.xlsx,30,MAT-165,25,SOURCE_NORMALIZED,Normalized directly from source quantity/price fields.,DEMO_DEFAULT_GOOD,AVAILABLE,,CENTER_OF_IMAGE_ANCHOR_V2,xl/media/image16.png,materials/MAT-165_01.png,True,False,True,HIGH,True,SOURCE_BATCH + SOFT_AFFINITY; category is not a restriction.
MAT-166,mat-166,3d Printed dispensing,3D-Printed Part,plastics-acrylic,1,pieces,GOOD,WORKSHOP_SURPLUS,False,5,user60@impactloop.demo,مركز الحرف الخضراء لإعادة الاستخدام,ORGANIZATION,جنين,True,True,Reusable 3D-Printed Part listing prepared from documented graduation-project hardware data. Suitable for practical prototyping and learning builds.,"Custom mechanisms, dispensing prototypes, fixtures, and maker projects.",3d-print|prototype,,component.xlsx,31,MAT-166,5,SOURCE_NORMALIZED,Normalized directly from source quantity/price fields.,DEMO_DEFAULT_GOOD,AVAILABLE,,CENTER_OF_IMAGE_ANCHOR_V2,xl/media/image8.png,materials/MAT-166_01.png,True,False,True,HIGH,True,SOURCE_BATCH + SOFT_AFFINITY; category is not a restriction.
MAT-167,mat-167,3d Printed dispensing nozzle,3D-Printed Part,plastics-acrylic,1,pieces,GOOD,WORKSHOP_SURPLUS,False,5,user60@impactloop.demo,مركز الحرف الخضراء لإعادة الاستخدام,ORGANIZATION,جنين,True,True,Reusable 3D-Printed Part listing prepared from documented graduation-project hardware data. Suitable for practical prototyping and learning builds.,"Custom mechanisms, dispensing prototypes, fixtures, and maker projects.",3d-print|prototype,,component.xlsx,32,MAT-167,5,SOURCE_NORMALIZED,Normalized directly from source quantity/price fields.,DEMO_DEFAULT_GOOD,AVAILABLE,,CENTER_OF_IMAGE_ANCHOR_V2,xl/media/image32.png,materials/MAT-167_01.png,True,False,True,HIGH,True,SOURCE_BATCH + SOFT_AFFINITY; category is not a restriction.
MAT-168,mat-168,سكة كاملة,Linear Rail / Slider,motors-mechanical,1,pieces,GOOD,WORKSHOP_SURPLUS,False,170,user60@impactloop.demo,مركز الحرف الخضراء لإعادة الاستخدام,ORGANIZATION,جنين,True,True,Reusable Linear Rail / Slider listing prepared from documented graduation-project hardware data. Source note: 15₪ GT2 belt 10₪ GT2 bearing 40₪ linear guides ×4 30₪ linear bearing ×3 80₪ smooth rods ×2 --> الطول 50,"Robotics, motion systems, CNC-style prototypes, and mechanical builds.",motors_mechanical,,component.xlsx,33,MAT-168,170,SOURCE_NORMALIZED,Normalized directly from source quantity/price fields.,DEMO_DEFAULT_GOOD,AVAILABLE,15₪ GT2 belt 10₪ GT2 bearing 40₪ linear guides ×4 30₪ linear bearing ×3 80₪ smooth rods ×2 --> الطول 50,CENTER_OF_IMAGE_ANCHOR_V2,xl/media/image27.jpg,materials/MAT-168_01.jpg,True,False,True,HIGH,True,SOURCE_BATCH + SOFT_AFFINITY; category is not a restriction.
MAT-169,mat-169,3D-Printed Stepper Motor Mount,Stepper Motor Mount,motors-mechanical,1,piece,GOOD,WORKSHOP_SURPLUS,False,20,user60@impactloop.demo,مركز الحرف الخضراء لإعادة الاستخدام,ORGANIZATION,جنين,True,True,Reusable Stepper Motor Mount listing prepared from documented graduation-project hardware data. Suitable for practical prototyping and learning builds.,"Robotics, motion systems, CNC-style prototypes, and mechanical builds.",motor|robotics,3d لتثبيت stepper motor,component.xlsx,34,MAT-169,20,SOURCE_PRICE_WITH_DEMO_QUANTITY,Source has 20 NIS price but missing quantity; singular mount set to quantity 1.,DEMO_DEFAULT_GOOD,AVAILABLE,,CENTER_OF_IMAGE_ANCHOR_V2,xl/media/image10.png,materials/MAT-169_01.png,True,False,True,MEDIUM,True,SOURCE_BATCH + SOFT_AFFINITY; category is not a restriction.
MAT-171,mat-171,4x4 Matrix Keypad,Keypad,electronics-components,1,pieces,GOOD,WORKSHOP_SURPLUS,False,10,user18@impactloop.demo,مبادرة خطوة نحو الدائرية,ORGANIZATION,الخليل,True,True,Reusable Keypad listing prepared from documented graduation-project hardware data. Suitable for practical prototyping and learning builds.,"Repair, prototyping, maker projects, and practical learning builds.",electronics_components,,components.xlsx,2,MAT-171,10,SOURCE_NORMALIZED,Normalized directly from source quantity/price fields.,DEMO_DEFAULT_GOOD,LIKELY_AVAILABLE,,CENTER_OF_IMAGE_ANCHOR_V2,xl/media/image22.png,materials/MAT-171_01.png,True,False,True,HIGH,True,SOURCE_BATCH + SOFT_AFFINITY; category is not a restriction.
MAT-173,mat-173,1-Channel Relay Module,Relay Module,electronics-components,1,pieces,GOOD,WORKSHOP_SURPLUS,False,10,user18@impactloop.demo,مبادرة خطوة نحو الدائرية,ORGANIZATION,الخليل,True,True,Reusable Relay Module listing prepared from documented graduation-project hardware data. Suitable for practical prototyping and learning builds.,"Repair, prototyping, maker projects, and practical learning builds.",relay|electronics,,components.xlsx,4,MAT-173,10,SOURCE_NORMALIZED,Normalized directly from source quantity/price fields.,DEMO_DEFAULT_GOOD,LIKELY_AVAILABLE,,CENTER_OF_IMAGE_ANCHOR_V2,xl/media/image8.png,materials/MAT-173_01.png,True,False,True,HIGH,True,SOURCE_BATCH + SOFT_AFFINITY; category is not a restriction.
MAT-174,mat-174,2-Channel Relay,Relay Module,electronics-components,2,pieces,GOOD,WORKSHOP_SURPLUS,False,15,user18@impactloop.demo,مبادرة خطوة نحو الدائرية,ORGANIZATION,الخليل,True,True,Reusable Relay Module listing prepared from documented graduation-project hardware data. Suitable for practical prototyping and learning builds.,"Repair, prototyping, maker projects, and practical learning builds.",relay|electronics,,components.xlsx,5,MAT-174,15,SOURCE_NORMALIZED,Normalized directly from source quantity/price fields.,DEMO_DEFAULT_GOOD,LIKELY_AVAILABLE,,CENTER_OF_IMAGE_ANCHOR_V2,xl/media/image14.png,materials/MAT-174_01.png,True,False,True,HIGH,True,SOURCE_BATCH + SOFT_AFFINITY; category is not a restriction.
MAT-175,mat-175,Fan,Fan,motors-mechanical,1,pieces,GOOD,WORKSHOP_SURPLUS,False,15,user18@impactloop.demo,مبادرة خطوة نحو الدائرية,ORGANIZATION,الخليل,True,True,Reusable Fan listing prepared from documented graduation-project hardware data. Suitable for practical prototyping and learning builds.,"Robotics, motion systems, CNC-style prototypes, and mechanical builds.",motors_mechanical,,components.xlsx,6,MAT-175,15,SOURCE_NORMALIZED,Normalized directly from source quantity/price fields.,DEMO_DEFAULT_GOOD,LIKELY_AVAILABLE,,CENTER_OF_IMAGE_ANCHOR_V2,xl/media/image9.png,materials/MAT-175_01.png,True,False,True,HIGH,True,SOURCE_BATCH + SOFT_AFFINITY; category is not a restriction.
MAT-176,mat-176,heatsink,Heatsink,electronics-components,1,pieces,GOOD,WORKSHOP_SURPLUS,False,20,user18@impactloop.demo,مبادرة خطوة نحو الدائرية,ORGANIZATION,الخليل,True,True,Reusable Heatsink listing prepared from documented graduation-project hardware data. Suitable for practical prototyping and learning builds.,"Repair, prototyping, maker projects, and practical learning builds.",electronics_components,,components.xlsx,7,MAT-176,20,SOURCE_NORMALIZED,Normalized directly from source quantity/price fields.,DEMO_DEFAULT_GOOD,LIKELY_AVAILABLE,,CENTER_OF_IMAGE_ANCHOR_V2,xl/media/image5.png,materials/MAT-176_01.png,True,False,True,HIGH,True,SOURCE_BATCH + SOFT_AFFINITY; category is not a restriction.
MAT-177,mat-177,Thermoelectric Cooler Peltier TEC1,Peltier Cooler,electronics-components,1,pieces,GOOD,WORKSHOP_SURPLUS,False,25,user18@impactloop.demo,مبادرة خطوة نحو الدائرية,ORGANIZATION,الخليل,True,True,Reusable Peltier Cooler listing prepared from documented graduation-project hardware data. Suitable for practical prototyping and learning builds.,"Repair, prototyping, maker projects, and practical learning builds.",electronics_components,,components.xlsx,8,MAT-177,25,SOURCE_NORMALIZED,Normalized directly from source quantity/price fields.,DEMO_DEFAULT_GOOD,LIKELY_AVAILABLE,,CENTER_OF_IMAGE_ANCHOR_V2,xl/media/image18.png,materials/MAT-177_01.png,True,False,True,HIGH,True,SOURCE_BATCH + SOFT_AFFINITY; category is not a restriction.
MAT-178,mat-178,Dual H-Bridge,H-Bridge Motor Driver,electronics-components,2,pieces,GOOD,WORKSHOP_SURPLUS,False,15,user18@impactloop.demo,مبادرة خطوة نحو الدائرية,ORGANIZATION,الخليل,True,True,Reusable H-Bridge Motor Driver listing prepared from documented graduation-project hardware data. Suitable for practical prototyping and learning builds.,"Motor control, robot motion, and automation prototypes.",motor|robotics,,components.xlsx,9,MAT-178,15,SOURCE_NORMALIZED,Normalized directly from source quantity/price fields.,DEMO_DEFAULT_GOOD,LIKELY_AVAILABLE,,CENTER_OF_IMAGE_ANCHOR_V2,xl/media/image12.png,materials/MAT-178_01.png,True,False,True,HIGH,True,SOURCE_BATCH + SOFT_AFFINITY; category is not a restriction.
MAT-179,mat-179,ESP32,ESP32,electronics-components,1,pieces,GOOD,WORKSHOP_SURPLUS,False,40,user18@impactloop.demo,مبادرة خطوة نحو الدائرية,ORGANIZATION,الخليل,True,True,Reusable ESP32 listing prepared from documented graduation-project hardware data. Suitable for practical prototyping and learning builds.,"Robotics, sensor prototypes, automation, and learning projects.",esp32|microcontroller,,components.xlsx,10,MAT-179,40,SOURCE_NORMALIZED,Normalized directly from source quantity/price fields.,DEMO_DEFAULT_GOOD,LIKELY_AVAILABLE,,CENTER_OF_IMAGE_ANCHOR_V2,xl/media/image1.png,materials/MAT-179_01.png,True,False,True,HIGH,True,SOURCE_BATCH + SOFT_AFFINITY; category is not a restriction.
MAT-181,mat-181,NEMA17 Stepper Motor,Stepper Motor,motors-mechanical,4,pieces,GOOD,WORKSHOP_SURPLUS,False,40,user18@impactloop.demo,مبادرة خطوة نحو الدائرية,ORGANIZATION,الخليل,True,True,Reusable Stepper Motor listing prepared from documented graduation-project hardware data. Suitable for practical prototyping and learning builds.,"Robotics, motion systems, CNC-style prototypes, and mechanical builds.",motor|robotics,,components.xlsx,12,MAT-181,40,SOURCE_NORMALIZED,Normalized directly from source quantity/price fields.,DEMO_DEFAULT_GOOD,LIKELY_AVAILABLE,,CENTER_OF_IMAGE_ANCHOR_V2,xl/media/image4.png,materials/MAT-181_01.png,True,False,True,HIGH,True,SOURCE_BATCH + SOFT_AFFINITY; category is not a restriction.
MAT-182,mat-182,IR Sensor Module,IR Sensor,electronics-components,5,pieces,GOOD,WORKSHOP_SURPLUS,False,10,user18@impactloop.demo,مبادرة خطوة نحو الدائرية,ORGANIZATION,الخليل,True,True,Reusable IR Sensor listing prepared from documented graduation-project hardware data. Suitable for practical prototyping and learning builds.,"Measurement, monitoring, robotics, and smart-device prototypes.",sensor,,components.xlsx,13,MAT-182,10,SOURCE_NORMALIZED,Normalized directly from source quantity/price fields.,DEMO_DEFAULT_GOOD,LIKELY_AVAILABLE,,CENTER_OF_IMAGE_ANCHOR_V2,xl/media/image15.png,materials/MAT-182_01.png,True,False,True,HIGH,True,SOURCE_BATCH + SOFT_AFFINITY; category is not a restriction.
MAT-183,mat-183,DS18B20 Waterproof Temperature Sensor(new),DS18B20 Temperature Sensor,electronics-components,1,pieces,GOOD,WORKSHOP_SURPLUS,False,25,user18@impactloop.demo,مبادرة خطوة نحو الدائرية,ORGANIZATION,الخليل,True,True,Reusable DS18B20 Temperature Sensor listing prepared from documented graduation-project hardware data. Suitable for practical prototyping and learning builds.,"Measurement, monitoring, robotics, and smart-device prototypes.",sensor,,components.xlsx,14,MAT-183,25,SOURCE_NORMALIZED,Normalized directly from source quantity/price fields.,DEMO_DEFAULT_GOOD,LIKELY_AVAILABLE,,CENTER_OF_IMAGE_ANCHOR_V2,xl/media/image21.png,materials/MAT-183_01.png,True,False,True,HIGH,True,SOURCE_BATCH + SOFT_AFFINITY; category is not a restriction.
MAT-184,mat-184,Pump For Water,Pump,motors-mechanical,1,pieces,GOOD,WORKSHOP_SURPLUS,False,20,user18@impactloop.demo,مبادرة خطوة نحو الدائرية,ORGANIZATION,الخليل,True,True,Reusable Pump listing prepared from documented graduation-project hardware data. Suitable for practical prototyping and learning builds.,"Robotics, motion systems, CNC-style prototypes, and mechanical builds.",motors_mechanical,,components.xlsx,15,MAT-184,20,SOURCE_NORMALIZED,Normalized directly from source quantity/price fields.,DEMO_DEFAULT_GOOD,LIKELY_AVAILABLE,,CENTER_OF_IMAGE_ANCHOR_V2,xl/media/image7.png,materials/MAT-184_01.png,True,False,True,HIGH,True,SOURCE_BATCH + SOFT_AFFINITY; category is not a restriction.
MAT-185,mat-185,"power supply (KS-100-12), input 176–264V AC, output 12V DC 8.3A",Power Supply,power-batteries,1,pieces,GOOD,WORKSHOP_SURPLUS,False,45,user18@impactloop.demo,مبادرة خطوة نحو الدائرية,ORGANIZATION,الخليل,True,True,Reusable Power Supply listing prepared from documented graduation-project hardware data. Suitable for practical prototyping and learning builds.,"Powering electronics, portable prototypes, charging, and voltage regulation.",power-supply|power,,components.xlsx,16,MAT-185,45,SOURCE_NORMALIZED,Normalized directly from source quantity/price fields.,DEMO_DEFAULT_GOOD,LIKELY_AVAILABLE,,CENTER_OF_IMAGE_ANCHOR_V2,xl/media/image11.png,materials/MAT-185_01.png,True,False,True,HIGH,True,SOURCE_BATCH + SOFT_AFFINITY; category is not a restriction.
MAT-187,mat-187,8 Pin Connector,Connector,electronics-components,6,pieces,GOOD,WORKSHOP_SURPLUS,False,6,user18@impactloop.demo,مبادرة خطوة نحو الدائرية,ORGANIZATION,الخليل,True,True,Reusable Connector listing prepared from documented graduation-project hardware data. Suitable for practical prototyping and learning builds.,"Circuit wiring, prototyping, repair, and classroom electronics.",connector|wiring,,components.xlsx,18,MAT-187,6,SOURCE_NORMALIZED,Normalized directly from source quantity/price fields.,DEMO_DEFAULT_GOOD,LIKELY_AVAILABLE,,CENTER_OF_IMAGE_ANCHOR_V2,xl/media/image13.png,materials/MAT-187_01.png,True,False,True,HIGH,True,SOURCE_BATCH + SOFT_AFFINITY; category is not a restriction.
MAT-188,mat-188,5 Pin Connector,Connector,electronics-components,6,pieces,GOOD,WORKSHOP_SURPLUS,False,4,user18@impactloop.demo,مبادرة خطوة نحو الدائرية,ORGANIZATION,الخليل,True,True,Reusable Connector listing prepared from documented graduation-project hardware data. Suitable for practical prototyping and learning builds.,"Circuit wiring, prototyping, repair, and classroom electronics.",connector|wiring,,components.xlsx,19,MAT-188,4,SOURCE_NORMALIZED,Normalized directly from source quantity/price fields.,DEMO_DEFAULT_GOOD,LIKELY_AVAILABLE,,CENTER_OF_IMAGE_ANCHOR_V2,xl/media/image20.png,materials/MAT-188_01.png,True,False,True,HIGH,True,SOURCE_BATCH + SOFT_AFFINITY; category is not a restriction.
MAT-189,mat-189,Arduino Cable long,USB/Data Cable,electronics-components,1,pieces,GOOD,WORKSHOP_SURPLUS,False,10,user18@impactloop.demo,مبادرة خطوة نحو الدائرية,ORGANIZATION,الخليل,True,True,Reusable USB/Data Cable listing prepared from documented graduation-project hardware data. Suitable for practical prototyping and learning builds.,"Circuit wiring, prototyping, repair, and classroom electronics.",cable|wiring,,components.xlsx,20,MAT-189,10,SOURCE_NORMALIZED,Normalized directly from source quantity/price fields.,DEMO_DEFAULT_GOOD,LIKELY_AVAILABLE,,CENTER_OF_IMAGE_ANCHOR_V2,xl/media/image3.png,materials/MAT-189_01.png,True,False,True,HIGH,True,SOURCE_BATCH + SOFT_AFFINITY; category is not a restriction.
MAT-190,mat-190,3D-Printer Milling Assembly + DC Motor,Milling Assembly,motors-mechanical,1,set,GOOD,WORKSHOP_SURPLUS,False,95,user18@impactloop.demo,مبادرة خطوة نحو الدائرية,ORGANIZATION,الخليل,True,True,Reusable Milling Assembly listing prepared from documented graduation-project hardware data. Suitable for practical prototyping and learning builds.,"Repair, prototyping, maker projects, and practical learning builds.",motors_mechanical,3D Printer Milling Machine with DC Motor,components.xlsx,21,MAT-190,70+25 DC Motor=95,PARSED_COMPOSITE_TOTAL,Source explicitly gives 70 + 25 DC motor = 95 NIS.,DEMO_DEFAULT_GOOD,LIKELY_AVAILABLE,,CENTER_OF_IMAGE_ANCHOR_V2,xl/media/image16.png,materials/MAT-190_01.png,True,False,True,HIGH,True,SOURCE_BATCH + SOFT_AFFINITY; category is not a restriction.
MAT-191,mat-191,3D-Printer Linear Actuator + 360° Servo,Linear Actuator Assembly,motors-mechanical,1,set,GOOD,WORKSHOP_SURPLUS,False,60,user18@impactloop.demo,مبادرة خطوة نحو الدائرية,ORGANIZATION,الخليل,True,False,Reusable Linear Actuator Assembly listing prepared from documented graduation-project hardware data. Suitable for practical prototyping and learning builds.,"Robotics, motion systems, CNC-style prototypes, and mechanical builds.",motors_mechanical,3D Printer Linear Actuator With Servo 360,components.xlsx,22,MAT-191,30+30 servo =60,PARSED_COMPOSITE_TOTAL,Source explicitly gives 30 + 30 servo = 60 NIS.,DEMO_DEFAULT_GOOD,LIKELY_AVAILABLE,,CENTER_OF_IMAGE_ANCHOR_V2,xl/media/image10.jpg,materials/MAT-191_01.jpg,True,False,True,HIGH,True,SOURCE_BATCH + SOFT_AFFINITY; category is not a restriction.
MAT-192,mat-192,3D Printer Powder Dispenser,3D-Printed Part,plastics-acrylic,2,pieces,GOOD,WORKSHOP_SURPLUS,False,50,user18@impactloop.demo,مبادرة خطوة نحو الدائرية,ORGANIZATION,الخليل,True,True,Reusable 3D-Printed Part listing prepared from documented graduation-project hardware data. Suitable for practical prototyping and learning builds.,"Custom mechanisms, dispensing prototypes, fixtures, and maker projects.",3d-print|prototype,,components.xlsx,23,MAT-192,50,SOURCE_NORMALIZED,Normalized directly from source quantity/price fields.,DEMO_DEFAULT_GOOD,LIKELY_AVAILABLE,,CENTER_OF_IMAGE_ANCHOR_V2,xl/media/image23.jpg,materials/MAT-192_01.jpg,True,False,True,HIGH,True,SOURCE_BATCH + SOFT_AFFINITY; category is not a restriction.
MAT-193,mat-193,3D Printer Cup Dispenser,3D-Printed Part,plastics-acrylic,1,pieces,GOOD,WORKSHOP_SURPLUS,False,100,user18@impactloop.demo,مبادرة خطوة نحو الدائرية,ORGANIZATION,الخليل,True,True,Reusable 3D-Printed Part listing prepared from documented graduation-project hardware data. Suitable for practical prototyping and learning builds.,"Custom mechanisms, dispensing prototypes, fixtures, and maker projects.",3d-print|prototype,,components.xlsx,24,MAT-193,100,SOURCE_NORMALIZED,Normalized directly from source quantity/price fields.,DEMO_DEFAULT_GOOD,LIKELY_AVAILABLE,,CENTER_OF_IMAGE_ANCHOR_V2,xl/media/image6.jpg,materials/MAT-193_01.jpg,True,False,True,HIGH,True,SOURCE_BATCH + SOFT_AFFINITY; category is not a restriction.
MAT-194,mat-194,Raspberry Pi + Heatsink + Flash + SD Card for Raspberry Pi + Cable,Heatsink,electronics-components,1,pieces,GOOD,WORKSHOP_SURPLUS,False,450,user37@impactloop.demo,جمعية إعادة التدوير الخيرية - نابلس,ORGANIZATION,نابلس,True,True,Reusable Heatsink listing prepared from documented graduation-project hardware data. Suitable for practical prototyping and learning builds.,"Repair, prototyping, maker projects, and practical learning builds.",electronics_components,,hardware.xlsx,2,MAT-194,450,SOURCE_NORMALIZED,Normalized directly from source quantity/price fields.,DEMO_DEFAULT_GOOD,AVAILABLE,,CENTER_OF_IMAGE_ANCHOR_V2,xl/media/image3.png,materials/MAT-194_01.png,True,False,True,HIGH,True,SOURCE_BATCH + SOFT_AFFINITY; category is not a restriction.
MAT-195,mat-195,Raspberry pi Camera version 2 (8MP),Camera Module,electronics-components,1,pieces,GOOD,WORKSHOP_SURPLUS,False,140,user37@impactloop.demo,جمعية إعادة التدوير الخيرية - نابلس,ORGANIZATION,نابلس,True,True,Reusable Camera Module listing prepared from documented graduation-project hardware data. Suitable for practical prototyping and learning builds.,"Measurement, monitoring, robotics, and smart-device prototypes.",electronics_components,,hardware.xlsx,3,MAT-195,140,SOURCE_NORMALIZED,Normalized directly from source quantity/price fields.,DEMO_DEFAULT_GOOD,AVAILABLE,,CENTER_OF_IMAGE_ANCHOR_V2,xl/media/image12.png,materials/MAT-195_01.png,True,False,True,HIGH,True,SOURCE_BATCH + SOFT_AFFINITY; category is not a restriction.
MAT-196,mat-196,Ultrasonic,Ultrasonic Sensor,electronics-components,1,pieces,GOOD,WORKSHOP_SURPLUS,False,10,user37@impactloop.demo,جمعية إعادة التدوير الخيرية - نابلس,ORGANIZATION,نابلس,True,True,Reusable Ultrasonic Sensor listing prepared from documented graduation-project hardware data. Suitable for practical prototyping and learning builds.,"Measurement, monitoring, robotics, and smart-device prototypes.",sensor,,hardware.xlsx,4,MAT-196,10,SOURCE_NORMALIZED,Normalized directly from source quantity/price fields.,DEMO_DEFAULT_GOOD,AVAILABLE,,CENTER_OF_IMAGE_ANCHOR_V2,xl/media/image9.png,materials/MAT-196_01.png,True,False,True,HIGH,True,SOURCE_BATCH + SOFT_AFFINITY; category is not a restriction.
MAT-197,mat-197,Arduino Mega +USB cabel for Arduino,Arduino Mega 2560,electronics-components,1,pieces,GOOD,WORKSHOP_SURPLUS,False,60,user37@impactloop.demo,جمعية إعادة التدوير الخيرية - نابلس,ORGANIZATION,نابلس,True,True,Reusable Arduino Mega 2560 listing prepared from documented graduation-project hardware data. Suitable for practical prototyping and learning builds.,"Robotics, sensor prototypes, automation, and learning projects.",arduino|microcontroller,,hardware.xlsx,5,MAT-197,60,SOURCE_NORMALIZED,Normalized directly from source quantity/price fields.,DEMO_DEFAULT_GOOD,AVAILABLE,,CENTER_OF_IMAGE_ANCHOR_V2,xl/media/image21.png,materials/MAT-197_01.png,True,False,True,HIGH,True,SOURCE_BATCH + SOFT_AFFINITY; category is not a restriction.
MAT-198,mat-198,Joystick 5 Pin,Joystick Module,electronics-components,2,pieces,GOOD,WORKSHOP_SURPLUS,False,15,user37@impactloop.demo,جمعية إعادة التدوير الخيرية - نابلس,ORGANIZATION,نابلس,True,True,Reusable Joystick Module listing prepared from documented graduation-project hardware data. Suitable for practical prototyping and learning builds.,"Repair, prototyping, maker projects, and practical learning builds.",electronics_components,,hardware.xlsx,6,MAT-198,15,SOURCE_NORMALIZED,Normalized directly from source quantity/price fields.,DEMO_DEFAULT_GOOD,AVAILABLE,,CENTER_OF_IMAGE_ANCHOR_V2,xl/media/image1.png,materials/MAT-198_01.png,True,False,True,HIGH,True,SOURCE_BATCH + SOFT_AFFINITY; category is not a restriction.
MAT-199,mat-199,MQ2,MQ-2 Gas Sensor,electronics-components,1,pieces,GOOD,WORKSHOP_SURPLUS,False,10,user37@impactloop.demo,جمعية إعادة التدوير الخيرية - نابلس,ORGANIZATION,نابلس,True,True,Reusable MQ-2 Gas Sensor listing prepared from documented graduation-project hardware data. Suitable for practical prototyping and learning builds.,"Measurement, monitoring, robotics, and smart-device prototypes.",sensor,,hardware.xlsx,7,MAT-199,10,SOURCE_NORMALIZED,Normalized directly from source quantity/price fields.,DEMO_DEFAULT_GOOD,AVAILABLE,,CENTER_OF_IMAGE_ANCHOR_V2,xl/media/image5.png,materials/MAT-199_01.png,True,False,True,HIGH,True,SOURCE_BATCH + SOFT_AFFINITY; category is not a restriction.
MAT-200,mat-200,Micro servo MG90,Servo Motor,motors-mechanical,3,pieces,GOOD,WORKSHOP_SURPLUS,False,10,user37@impactloop.demo,جمعية إعادة التدوير الخيرية - نابلس,ORGANIZATION,نابلس,True,True,Reusable Servo Motor listing prepared from documented graduation-project hardware data. Suitable for practical prototyping and learning builds.,"Robotics, motion systems, CNC-style prototypes, and mechanical builds.",motor|robotics|servo,,hardware.xlsx,8,MAT-200,10,SOURCE_NORMALIZED,Normalized directly from source quantity/price fields.,DEMO_DEFAULT_GOOD,AVAILABLE,,CENTER_OF_IMAGE_ANCHOR_V2,xl/media/image17.png,materials/MAT-200_01.png,True,False,True,HIGH,True,SOURCE_BATCH + SOFT_AFFINITY; category is not a restriction.
MAT-201,mat-201,Micro Servo MG996R,Servo Motor,motors-mechanical,5,pieces,GOOD,WORKSHOP_SURPLUS,False,30,user37@impactloop.demo,جمعية إعادة التدوير الخيرية - نابلس,ORGANIZATION,نابلس,True,True,Reusable Servo Motor listing prepared from documented graduation-project hardware data. Suitable for practical prototyping and learning builds.,"Robotics, motion systems, CNC-style prototypes, and mechanical builds.",motor|robotics|servo,,hardware.xlsx,9,MAT-201,30,SOURCE_NORMALIZED,Normalized directly from source quantity/price fields.,DEMO_DEFAULT_GOOD,AVAILABLE,,CENTER_OF_IMAGE_ANCHOR_V2,xl/media/image20.png,materials/MAT-201_01.png,True,False,True,HIGH,True,SOURCE_BATCH + SOFT_AFFINITY; category is not a restriction.
MAT-202,mat-202,MPU6050,MPU6050 IMU Sensor,electronics-components,1,pieces,GOOD,WORKSHOP_SURPLUS,False,15,user37@impactloop.demo,جمعية إعادة التدوير الخيرية - نابلس,ORGANIZATION,نابلس,True,True,Reusable MPU6050 IMU Sensor listing prepared from documented graduation-project hardware data. Suitable for practical prototyping and learning builds.,"Measurement, monitoring, robotics, and smart-device prototypes.",sensor,,hardware.xlsx,10,MAT-202,15,SOURCE_NORMALIZED,Normalized directly from source quantity/price fields.,DEMO_DEFAULT_GOOD,AVAILABLE,,CENTER_OF_IMAGE_ANCHOR_V2,xl/media/image10.png,materials/MAT-202_01.png,True,False,True,HIGH,True,SOURCE_BATCH + SOFT_AFFINITY; category is not a restriction.
MAT-203,mat-203,LDR sensor,LDR Light Sensor,electronics-components,1,pieces,GOOD,WORKSHOP_SURPLUS,False,15,user37@impactloop.demo,جمعية إعادة التدوير الخيرية - نابلس,ORGANIZATION,نابلس,True,True,Reusable LDR Light Sensor listing prepared from documented graduation-project hardware data. Suitable for practical prototyping and learning builds.,"Measurement, monitoring, robotics, and smart-device prototypes.",sensor,,hardware.xlsx,11,MAT-203,15,SOURCE_NORMALIZED,Normalized directly from source quantity/price fields.,DEMO_DEFAULT_GOOD,AVAILABLE,,CENTER_OF_IMAGE_ANCHOR_V2,xl/media/image6.png,materials/MAT-203_01.png,True,False,True,HIGH,True,SOURCE_BATCH + SOFT_AFFINITY; category is not a restriction.
MAT-204,mat-204,ESP32,ESP32,electronics-components,2,pieces,GOOD,WORKSHOP_SURPLUS,False,40,user37@impactloop.demo,جمعية إعادة التدوير الخيرية - نابلس,ORGANIZATION,نابلس,True,True,Reusable ESP32 listing prepared from documented graduation-project hardware data. Suitable for practical prototyping and learning builds.,"Robotics, sensor prototypes, automation, and learning projects.",esp32|microcontroller,,hardware.xlsx,12,MAT-204,40,SOURCE_NORMALIZED,Normalized directly from source quantity/price fields.,DEMO_DEFAULT_GOOD,AVAILABLE,,CENTER_OF_IMAGE_ANCHOR_V2,xl/media/image15.png,materials/MAT-204_01.png,True,False,True,HIGH,True,SOURCE_BATCH + SOFT_AFFINITY; category is not a restriction.
MAT-205,mat-205,H bridge,H-Bridge Motor Driver,electronics-components,1,pieces,GOOD,WORKSHOP_SURPLUS,False,15,user37@impactloop.demo,جمعية إعادة التدوير الخيرية - نابلس,ORGANIZATION,نابلس,True,True,Reusable H-Bridge Motor Driver listing prepared from documented graduation-project hardware data. Suitable for practical prototyping and learning builds.,"Motor control, robot motion, and automation prototypes.",motor|robotics,,hardware.xlsx,13,MAT-205,15,SOURCE_NORMALIZED,Normalized directly from source quantity/price fields.,DEMO_DEFAULT_GOOD,AVAILABLE,,CENTER_OF_IMAGE_ANCHOR_V2,xl/media/image13.png,materials/MAT-205_01.png,True,False,True,HIGH,True,SOURCE_BATCH + SOFT_AFFINITY; category is not a restriction.
MAT-206,mat-206,Temperature and Humidity Sensor,Temperature/Humidity Sensor,electronics-components,1,pieces,GOOD,WORKSHOP_SURPLUS,False,20,user37@impactloop.demo,جمعية إعادة التدوير الخيرية - نابلس,ORGANIZATION,نابلس,True,True,Reusable Temperature/Humidity Sensor listing prepared from documented graduation-project hardware data. Suitable for practical prototyping and learning builds.,"Measurement, monitoring, robotics, and smart-device prototypes.",sensor,,hardware.xlsx,14,MAT-206,20,SOURCE_NORMALIZED,Normalized directly from source quantity/price fields.,DEMO_DEFAULT_GOOD,AVAILABLE,,CENTER_OF_IMAGE_ANCHOR_V2,xl/media/image16.png,materials/MAT-206_01.png,True,False,True,HIGH,True,SOURCE_BATCH + SOFT_AFFINITY; category is not a restriction.
MAT-207,mat-207,Buzzer module,Buzzer Module,electronics-components,1,pieces,GOOD,WORKSHOP_SURPLUS,False,8,user37@impactloop.demo,جمعية إعادة التدوير الخيرية - نابلس,ORGANIZATION,نابلس,True,True,Reusable Buzzer Module listing prepared from documented graduation-project hardware data. Suitable for practical prototyping and learning builds.,"Repair, prototyping, maker projects, and practical learning builds.",electronics_components,,hardware.xlsx,15,MAT-207,8,SOURCE_NORMALIZED,Normalized directly from source quantity/price fields.,DEMO_DEFAULT_GOOD,AVAILABLE,,CENTER_OF_IMAGE_ANCHOR_V2,xl/media/image4.png,materials/MAT-207_01.png,True,False,True,HIGH,True,SOURCE_BATCH + SOFT_AFFINITY; category is not a restriction.
MAT-208,mat-208,Current/Voltage Sensors,Current/Voltage Sensor,electronics-components,1,pieces,GOOD,WORKSHOP_SURPLUS,False,10,user37@impactloop.demo,جمعية إعادة التدوير الخيرية - نابلس,ORGANIZATION,نابلس,True,True,Reusable Current/Voltage Sensor listing prepared from documented graduation-project hardware data. Suitable for practical prototyping and learning builds.,"Measurement, monitoring, robotics, and smart-device prototypes.",sensor,,hardware.xlsx,16,MAT-208,10,SOURCE_NORMALIZED,Normalized directly from source quantity/price fields.,DEMO_DEFAULT_GOOD,AVAILABLE,,CENTER_OF_IMAGE_ANCHOR_V2,xl/media/image19.png,materials/MAT-208_01.png,True,False,True,HIGH,True,SOURCE_BATCH + SOFT_AFFINITY; category is not a restriction.
MAT-209,mat-209,buck converter,Buck Converter,electronics-components,2,pieces,GOOD,WORKSHOP_SURPLUS,False,15,user37@impactloop.demo,جمعية إعادة التدوير الخيرية - نابلس,ORGANIZATION,نابلس,True,True,Reusable Buck Converter listing prepared from documented graduation-project hardware data. Suitable for practical prototyping and learning builds.,"Powering electronics, portable prototypes, charging, and voltage regulation.",electronics_components,,hardware.xlsx,17,MAT-209,15,SOURCE_NORMALIZED,Normalized directly from source quantity/price fields.,DEMO_DEFAULT_GOOD,AVAILABLE,,CENTER_OF_IMAGE_ANCHOR_V2,xl/media/image14.png,materials/MAT-209_01.png,True,False,True,HIGH,True,SOURCE_BATCH + SOFT_AFFINITY; category is not a restriction.
MAT-210,mat-210,MOSFET Driver,MOSFET Driver,electronics-components,1,pieces,GOOD,WORKSHOP_SURPLUS,False,20,user37@impactloop.demo,جمعية إعادة التدوير الخيرية - نابلس,ORGANIZATION,نابلس,True,True,Reusable MOSFET Driver listing prepared from documented graduation-project hardware data. Suitable for practical prototyping and learning builds.,"Motor control, robot motion, and automation prototypes.",electronics_components,,hardware.xlsx,18,MAT-210,20,SOURCE_NORMALIZED,Normalized directly from source quantity/price fields.,DEMO_DEFAULT_GOOD,AVAILABLE,,CENTER_OF_IMAGE_ANCHOR_V2,xl/media/image23.png,materials/MAT-210_01.png,True,False,True,HIGH,True,SOURCE_BATCH + SOFT_AFFINITY; category is not a restriction.
MAT-211,mat-211,Connecters,Connector,electronics-components,3,pieces,GOOD,WORKSHOP_SURPLUS,False,3,user37@impactloop.demo,جمعية إعادة التدوير الخيرية - نابلس,ORGANIZATION,نابلس,True,True,Reusable Connector listing prepared from documented graduation-project hardware data. Suitable for practical prototyping and learning builds.,"Circuit wiring, prototyping, repair, and classroom electronics.",connector|wiring,,hardware.xlsx,19,MAT-211,3,SOURCE_NORMALIZED,Normalized directly from source quantity/price fields.,DEMO_DEFAULT_GOOD,AVAILABLE,,CENTER_OF_IMAGE_ANCHOR_V2,xl/media/image11.png,materials/MAT-211_01.png,True,False,True,HIGH,True,SOURCE_BATCH + SOFT_AFFINITY; category is not a restriction.
MAT-212,mat-212,mini microphone,Microphone Module,electronics-components,1,pieces,GOOD,WORKSHOP_SURPLUS,False,15,user37@impactloop.demo,جمعية إعادة التدوير الخيرية - نابلس,ORGANIZATION,نابلس,True,True,Reusable Microphone Module listing prepared from documented graduation-project hardware data. Suitable for practical prototyping and learning builds.,"Repair, prototyping, maker projects, and practical learning builds.",electronics_components,,hardware.xlsx,20,MAT-212,15,SOURCE_NORMALIZED,Normalized directly from source quantity/price fields.,DEMO_DEFAULT_GOOD,AVAILABLE,,CENTER_OF_IMAGE_ANCHOR_V2,xl/media/image7.png,materials/MAT-212_01.png,True,False,True,HIGH,True,SOURCE_BATCH + SOFT_AFFINITY; category is not a restriction.
MAT-213,mat-213,lithium batteries,Battery,power-batteries,9,pieces,GOOD,WORKSHOP_SURPLUS,False,15,user37@impactloop.demo,جمعية إعادة التدوير الخيرية - نابلس,ORGANIZATION,نابلس,True,True,Reusable Battery listing prepared from documented graduation-project hardware data. Suitable for practical prototyping and learning builds.,"Powering electronics, portable prototypes, charging, and voltage regulation.",battery|power,,hardware.xlsx,21,MAT-213,15,SOURCE_NORMALIZED,Normalized directly from source quantity/price fields.,DEMO_DEFAULT_GOOD,AVAILABLE,,CENTER_OF_IMAGE_ANCHOR_V2,xl/media/image8.png,materials/MAT-213_01.png,True,False,True,HIGH,True,SOURCE_BATCH + SOFT_AFFINITY; category is not a restriction.
MAT-214,mat-214,battery charger,Battery Charger,power-batteries,1,pieces,GOOD,WORKSHOP_SURPLUS,False,15,user37@impactloop.demo,جمعية إعادة التدوير الخيرية - نابلس,ORGANIZATION,نابلس,True,True,Reusable Battery Charger listing prepared from documented graduation-project hardware data. Suitable for practical prototyping and learning builds.,"Powering electronics, portable prototypes, charging, and voltage regulation.",battery|power,,hardware.xlsx,22,MAT-214,15,SOURCE_NORMALIZED,Normalized directly from source quantity/price fields.,DEMO_DEFAULT_GOOD,AVAILABLE,,CENTER_OF_IMAGE_ANCHOR_V2,xl/media/image22.png,materials/MAT-214_01.png,True,False,True,HIGH,True,SOURCE_BATCH + SOFT_AFFINITY; category is not a restriction.
MAT-215,mat-215,DC motor 12 volt,DC Motor,motors-mechanical,2,pieces,GOOD,WORKSHOP_SURPLUS,False,30,user37@impactloop.demo,جمعية إعادة التدوير الخيرية - نابلس,ORGANIZATION,نابلس,True,True,Reusable DC Motor listing prepared from documented graduation-project hardware data. Suitable for practical prototyping and learning builds.,"Robotics, motion systems, CNC-style prototypes, and mechanical builds.",motor|robotics,,hardware.xlsx,23,MAT-215,30,SOURCE_NORMALIZED,Normalized directly from source quantity/price fields.,DEMO_DEFAULT_GOOD,AVAILABLE,,CENTER_OF_IMAGE_ANCHOR_V2,xl/media/image2.png,materials/MAT-215_01.png,True,False,True,HIGH,True,SOURCE_BATCH + SOFT_AFFINITY; category is not a restriction.
MAT-216,mat-216,Car Tank With 12V 330RPM 25mm Motor,Robot Chassis,motors-mechanical,1,pieces,GOOD,WORKSHOP_SURPLUS,False,400,user37@impactloop.demo,جمعية إعادة التدوير الخيرية - نابلس,ORGANIZATION,نابلس,True,False,Reusable Robot Chassis listing prepared from documented graduation-project hardware data. Suitable for practical prototyping and learning builds.,"Repair, prototyping, maker projects, and practical learning builds.",motors_mechanical,,hardware.xlsx,24,MAT-216,400,SOURCE_NORMALIZED,Normalized directly from source quantity/price fields.,DEMO_DEFAULT_GOOD,AVAILABLE,,CENTER_OF_IMAGE_ANCHOR_V2,xl/media/image18.png,materials/MAT-216_01.png,True,False,True,HIGH,True,SOURCE_BATCH + SOFT_AFFINITY; category is not a restriction.
MAT-217,mat-217,Arduino mega 2560 +long cable,Arduino Mega 2560,electronics-components,1,pieces,GOOD,WORKSHOP_SURPLUS,False,75,user56@impactloop.demo,ورشة النجاح لتدوير الأخشاب,ORGANIZATION,نابلس,True,True,Reusable Arduino Mega 2560 listing prepared from documented graduation-project hardware data. Suitable for practical prototyping and learning builds.,"Robotics, sensor prototypes, automation, and learning projects.",arduino|microcontroller,,project.xlsx,2,MAT-217,75,SOURCE_NORMALIZED,Normalized directly from source quantity/price fields.,DEMO_DEFAULT_GOOD,LIKELY_AVAILABLE,,CENTER_OF_IMAGE_ANCHOR_V2,xl/media/image6.png,materials/MAT-217_01.png,True,False,True,HIGH,True,SOURCE_BATCH + SOFT_AFFINITY; category is not a restriction.
MAT-218,mat-218,dc +مكبس + h-bridge,H-Bridge Motor Driver,electronics-components,1,pieces,GOOD,WORKSHOP_SURPLUS,False,60,user56@impactloop.demo,ورشة النجاح لتدوير الأخشاب,ORGANIZATION,نابلس,True,True,Reusable H-Bridge Motor Driver listing prepared from documented graduation-project hardware data. Suitable for practical prototyping and learning builds.,"Motor control, robot motion, and automation prototypes.",motor|robotics,,project.xlsx,3,MAT-218,60,SOURCE_NORMALIZED,Normalized directly from source quantity/price fields.,DEMO_DEFAULT_GOOD,LIKELY_AVAILABLE,,CENTER_OF_IMAGE_ANCHOR_V2,xl/media/image17.jpg,materials/MAT-218_01.jpg,True,False,True,HIGH,True,SOURCE_BATCH + SOFT_AFFINITY; category is not a restriction.
MAT-219,mat-219,ESP8266 + wire,ESP8266 Development Board,electronics-components,1,pieces,GOOD,WORKSHOP_SURPLUS,False,35,user56@impactloop.demo,ورشة النجاح لتدوير الأخشاب,ORGANIZATION,نابلس,True,True,Reusable ESP8266 Development Board listing prepared from documented graduation-project hardware data. Suitable for practical prototyping and learning builds.,"Repair, prototyping, maker projects, and practical learning builds.",electronics_components,,project.xlsx,4,MAT-219,35,SOURCE_NORMALIZED,Normalized directly from source quantity/price fields.,DEMO_DEFAULT_GOOD,LIKELY_AVAILABLE,,CENTER_OF_IMAGE_ANCHOR_V2,xl/media/image5.jpg,materials/MAT-219_01.jpg,True,False,True,HIGH,True,SOURCE_BATCH + SOFT_AFFINITY; category is not a restriction.
MAT-220,mat-220,power supply 20A 12v,Power Supply,power-batteries,1,pieces,GOOD,WORKSHOP_SURPLUS,False,50,user56@impactloop.demo,ورشة النجاح لتدوير الأخشاب,ORGANIZATION,نابلس,True,True,Reusable Power Supply listing prepared from documented graduation-project hardware data. Suitable for practical prototyping and learning builds.,"Powering electronics, portable prototypes, charging, and voltage regulation.",power-supply|power,,project.xlsx,5,MAT-220,50,SOURCE_NORMALIZED,Normalized directly from source quantity/price fields.,DEMO_DEFAULT_GOOD,LIKELY_AVAILABLE,,CENTER_OF_IMAGE_ANCHOR_V2,xl/media/image16.jpg,materials/MAT-220_01.jpg,True,False,True,HIGH,True,SOURCE_BATCH + SOFT_AFFINITY; category is not a restriction.
MAT-221,mat-221,connectors (8 pin),Connector,electronics-components,8,pieces,GOOD,WORKSHOP_SURPLUS,False,4,user56@impactloop.demo,ورشة النجاح لتدوير الأخشاب,ORGANIZATION,نابلس,True,True,Reusable Connector listing prepared from documented graduation-project hardware data. Suitable for practical prototyping and learning builds.,"Circuit wiring, prototyping, repair, and classroom electronics.",connector|wiring,,project.xlsx,6,MAT-221,4,SOURCE_NORMALIZED,Normalized directly from source quantity/price fields.,DEMO_DEFAULT_GOOD,LIKELY_AVAILABLE,,CENTER_OF_IMAGE_ANCHOR_V2,xl/media/image1.jpg,materials/MAT-221_01.jpg,True,False,True,HIGH,True,SOURCE_BATCH + SOFT_AFFINITY; category is not a restriction.
MAT-222,mat-222,Coupler,Shaft Coupler,motors-mechanical,3,pieces,GOOD,WORKSHOP_SURPLUS,False,15,user56@impactloop.demo,ورشة النجاح لتدوير الأخشاب,ORGANIZATION,نابلس,True,True,Reusable Shaft Coupler listing prepared from documented graduation-project hardware data. Suitable for practical prototyping and learning builds.,"Robotics, motion systems, CNC-style prototypes, and mechanical builds.",motors_mechanical,,project.xlsx,7,MAT-222,15,SOURCE_NORMALIZED,Normalized directly from source quantity/price fields.,DEMO_DEFAULT_GOOD,LIKELY_AVAILABLE,,CENTER_OF_IMAGE_ANCHOR_V2,xl/media/image9.jpg,materials/MAT-222_01.jpg,True,False,True,HIGH,True,SOURCE_BATCH + SOFT_AFFINITY; category is not a restriction.
MAT-223-A,mat-223-a,NEMA17 Stepper Motor 1.5A,Stepper Motor,motors-mechanical,3,pieces,GOOD,WORKSHOP_SURPLUS,False,45,user56@impactloop.demo,ورشة النجاح لتدوير الأخشاب,ORGANIZATION,نابلس,True,True,Reusable Stepper Motor listing prepared from documented graduation-project hardware data. Suitable for practical prototyping and learning builds.,"Robotics, motion systems, CNC-style prototypes, and mechanical builds.",motor|robotics,NEMA17 Stepper Motor 1.5A + 1.2A,project.xlsx,8,MAT-223,"1.5A =45 , 1.2A=40",SPLIT_VARIANT_PRICE_AND_DEMO_QUANTITY,Source gives total quantity 5 and prices 45 (1.5A) / 40 (1.2A) but no per-variant counts; demo split 3+2 preserves total 5.,DEMO_DEFAULT_GOOD,LIKELY_AVAILABLE,,CENTER_OF_IMAGE_ANCHOR_V2,xl/media/image10.jpg,materials/MAT-223-A_01.jpg,True,False,True,MEDIUM,True,SOURCE_BATCH + SOFT_AFFINITY; category is not a restriction.
MAT-223-B,mat-223-b,NEMA17 Stepper Motor 1.2A,Stepper Motor,motors-mechanical,2,pieces,GOOD,WORKSHOP_SURPLUS,False,40,user56@impactloop.demo,ورشة النجاح لتدوير الأخشاب,ORGANIZATION,نابلس,True,True,Reusable Stepper Motor listing prepared from documented graduation-project hardware data. Suitable for practical prototyping and learning builds.,"Robotics, motion systems, CNC-style prototypes, and mechanical builds.",motor|robotics,NEMA17 Stepper Motor 1.5A + 1.2A,project.xlsx,8,MAT-223,"1.5A =45 , 1.2A=40",SPLIT_VARIANT_PRICE_AND_DEMO_QUANTITY,Source gives total quantity 5 and prices 45 (1.5A) / 40 (1.2A) but no per-variant counts; demo split 3+2 preserves total 5.,DEMO_DEFAULT_GOOD,LIKELY_AVAILABLE,,CENTER_OF_IMAGE_ANCHOR_V2,xl/media/image10.jpg,materials/MAT-223-B_01.jpg,True,False,True,MEDIUM,True,SOURCE_BATCH + SOFT_AFFINITY; category is not a restriction.
MAT-225,mat-225,4x4 Keypad,Keypad,electronics-components,1,pieces,GOOD,WORKSHOP_SURPLUS,False,10,user56@impactloop.demo,ورشة النجاح لتدوير الأخشاب,ORGANIZATION,نابلس,True,True,Reusable Keypad listing prepared from documented graduation-project hardware data. Suitable for practical prototyping and learning builds.,"Repair, prototyping, maker projects, and practical learning builds.",electronics_components,,project.xlsx,10,MAT-225,10,SOURCE_NORMALIZED,Normalized directly from source quantity/price fields.,DEMO_DEFAULT_GOOD,LIKELY_AVAILABLE,,CENTER_OF_IMAGE_ANCHOR_V2,xl/media/image14.png,materials/MAT-225_01.png,True,False,True,HIGH,True,SOURCE_BATCH + SOFT_AFFINITY; category is not a restriction.
MAT-226,mat-226,ir Sensor,IR Sensor,electronics-components,3,pieces,GOOD,WORKSHOP_SURPLUS,False,10,user56@impactloop.demo,ورشة النجاح لتدوير الأخشاب,ORGANIZATION,نابلس,True,True,Reusable IR Sensor listing prepared from documented graduation-project hardware data. Suitable for practical prototyping and learning builds.,"Measurement, monitoring, robotics, and smart-device prototypes.",sensor,,project.xlsx,11,MAT-226,10,SOURCE_NORMALIZED,Normalized directly from source quantity/price fields.,DEMO_DEFAULT_GOOD,LIKELY_AVAILABLE,,LEGACY_FALLBACK_PROJECT_LAYOUT,xl/media/image4.jpg,materials/MAT-226_01.jpg,True,False,True,HIGH,True,SOURCE_BATCH + SOFT_AFFINITY; category is not a restriction.
MAT-227,mat-227,Ultrasonic Sensor,Ultrasonic Sensor,electronics-components,3,pieces,GOOD,WORKSHOP_SURPLUS,False,15,user56@impactloop.demo,ورشة النجاح لتدوير الأخشاب,ORGANIZATION,نابلس,True,True,Reusable Ultrasonic Sensor listing prepared from documented graduation-project hardware data. Suitable for practical prototyping and learning builds.,"Measurement, monitoring, robotics, and smart-device prototypes.",sensor,,project.xlsx,19,MAT-227,15,SOURCE_NORMALIZED,Normalized directly from source quantity/price fields.,DEMO_DEFAULT_GOOD,LIKELY_AVAILABLE,,LEGACY_FALLBACK_PROJECT_LAYOUT,xl/media/image15.png,materials/MAT-227_01.png,True,False,True,HIGH,True,SOURCE_BATCH + SOFT_AFFINITY; category is not a restriction.
MAT-228,mat-228,Load Cell + HX711 (ميزان),Load Cell,electronics-components,2,pieces,GOOD,WORKSHOP_SURPLUS,False,35,user56@impactloop.demo,ورشة النجاح لتدوير الأخشاب,ORGANIZATION,نابلس,True,True,Reusable Load Cell listing prepared from documented graduation-project hardware data. Suitable for practical prototyping and learning builds.,"Repair, prototyping, maker projects, and practical learning builds.",electronics_components,,project.xlsx,28,MAT-228,35,SOURCE_NORMALIZED,Normalized directly from source quantity/price fields.,DEMO_DEFAULT_GOOD,LIKELY_AVAILABLE,,LEGACY_FALLBACK_PROJECT_LAYOUT,xl/media/image11.jpg,materials/MAT-228_01.jpg,True,False,True,HIGH,True,SOURCE_BATCH + SOFT_AFFINITY; category is not a restriction.
MAT-230,mat-230,SERVO-MG996 Metal Gear,Servo Motor,motors-mechanical,1,pieces,GOOD,WORKSHOP_SURPLUS,False,35,user56@impactloop.demo,ورشة النجاح لتدوير الأخشاب,ORGANIZATION,نابلس,True,True,Reusable Servo Motor listing prepared from documented graduation-project hardware data. Suitable for practical prototyping and learning builds.,"Robotics, motion systems, CNC-style prototypes, and mechanical builds.",motor|robotics|servo,,project.xlsx,41,MAT-230,35,SOURCE_NORMALIZED,Normalized directly from source quantity/price fields.,DEMO_DEFAULT_GOOD,LIKELY_AVAILABLE,,LEGACY_FALLBACK_PROJECT_LAYOUT,xl/media/image13.jpg,materials/MAT-230_01.jpg,True,False,True,HIGH,True,SOURCE_BATCH + SOFT_AFFINITY; category is not a restriction.
MAT-231,mat-231,TB6600 Stepper Motor Driver,TB6600 Stepper Motor Driver,electronics-components,1,pieces,GOOD,WORKSHOP_SURPLUS,False,45,user56@impactloop.demo,ورشة النجاح لتدوير الأخشاب,ORGANIZATION,نابلس,True,True,Reusable TB6600 Stepper Motor Driver listing prepared from documented graduation-project hardware data. Suitable for practical prototyping and learning builds.,"Motor control, robot motion, and automation prototypes.",motor|robotics,,project.xlsx,47,MAT-231,45,SOURCE_NORMALIZED,Normalized directly from source quantity/price fields.,DEMO_DEFAULT_GOOD,LIKELY_AVAILABLE,,LEGACY_FALLBACK_PROJECT_LAYOUT,xl/media/image7.png,materials/MAT-231_01.png,True,False,True,HIGH,True,SOURCE_BATCH + SOFT_AFFINITY; category is not a restriction.
MAT-232,mat-232,A4988 Stepper Motor Driver,A4988 Stepper Motor Driver,electronics-components,3,pieces,GOOD,WORKSHOP_SURPLUS,False,10,user56@impactloop.demo,ورشة النجاح لتدوير الأخشاب,ORGANIZATION,نابلس,True,True,Reusable A4988 Stepper Motor Driver listing prepared from documented graduation-project hardware data. Suitable for practical prototyping and learning builds.,"Motor control, robot motion, and automation prototypes.",motor|robotics,,project.xlsx,54,MAT-232,10,SOURCE_NORMALIZED,Normalized directly from source quantity/price fields.,DEMO_DEFAULT_GOOD,LIKELY_AVAILABLE,,LEGACY_FALLBACK_PROJECT_LAYOUT,xl/media/image3.png,materials/MAT-232_01.png,True,False,True,HIGH,True,SOURCE_BATCH + SOFT_AFFINITY; category is not a restriction.
MAT-233,mat-233,20X4 I2C LCD,LCD Display,electronics-components,1,pieces,GOOD,WORKSHOP_SURPLUS,False,50,user56@impactloop.demo,ورشة النجاح لتدوير الأخشاب,ORGANIZATION,نابلس,True,True,Reusable LCD Display listing prepared from documented graduation-project hardware data. Suitable for practical prototyping and learning builds.,"Repair, prototyping, maker projects, and practical learning builds.",electronics_components,,project.xlsx,61,MAT-233,50,SOURCE_NORMALIZED,Normalized directly from source quantity/price fields.,DEMO_DEFAULT_GOOD,LIKELY_AVAILABLE,,LEGACY_FALLBACK_PROJECT_LAYOUT,xl/media/image8.jpg,materials/MAT-233_01.jpg,True,False,True,HIGH,True,SOURCE_BATCH + SOFT_AFFINITY; category is not a restriction.
MAT-234,mat-234,Arduino mega 2560,Arduino Mega 2560,electronics-components,1,pieces,GOOD,STUDENT_LEFTOVER,False,65,user13@impactloop.demo,تامر سلايمة,INDIVIDUAL,نابلس,True,True,Reusable Arduino Mega 2560 listing prepared from documented graduation-project hardware data. Suitable for practical prototyping and learning builds.,"Robotics, sensor prototypes, automation, and learning projects.",arduino|microcontroller,,قطع الهاردوير.xlsx,2,MAT-234,65,SOURCE_NORMALIZED,Normalized directly from source quantity/price fields.,DEMO_DEFAULT_GOOD,LIKELY_AVAILABLE,,CENTER_OF_IMAGE_ANCHOR_V2,xl/media/image6.png,materials/MAT-234_01.png,True,False,True,HIGH,True,SOURCE_BATCH + SOFT_AFFINITY; category is not a restriction.
MAT-235,mat-235,H Bridge,H-Bridge Motor Driver,electronics-components,1,pieces,GOOD,STUDENT_LEFTOVER,False,15,user13@impactloop.demo,تامر سلايمة,INDIVIDUAL,نابلس,True,True,Reusable H-Bridge Motor Driver listing prepared from documented graduation-project hardware data. Suitable for practical prototyping and learning builds.,"Motor control, robot motion, and automation prototypes.",motor|robotics,,قطع الهاردوير.xlsx,3,MAT-235,15,SOURCE_NORMALIZED,Normalized directly from source quantity/price fields.,DEMO_DEFAULT_GOOD,LIKELY_AVAILABLE,,CENTER_OF_IMAGE_ANCHOR_V2,xl/media/image9.png,materials/MAT-235_01.png,True,False,True,HIGH,True,SOURCE_BATCH + SOFT_AFFINITY; category is not a restriction.
MAT-236,mat-236,12V source,Power Supply,power-batteries,1,pieces,GOOD,STUDENT_LEFTOVER,False,15,user13@impactloop.demo,تامر سلايمة,INDIVIDUAL,نابلس,True,True,Reusable Power Supply listing prepared from documented graduation-project hardware data. Suitable for practical prototyping and learning builds.,"Powering electronics, portable prototypes, charging, and voltage regulation.",power-supply|power,,قطع الهاردوير.xlsx,4,MAT-236,15,SOURCE_NORMALIZED,Normalized directly from source quantity/price fields.,DEMO_DEFAULT_GOOD,LIKELY_AVAILABLE,,CENTER_OF_IMAGE_ANCHOR_V2,xl/media/image1.jpg,materials/MAT-236_01.jpg,True,False,True,HIGH,True,SOURCE_BATCH + SOFT_AFFINITY; category is not a restriction.
MAT-237,mat-237,2 channel relay,Relay Module,electronics-components,1,pieces,GOOD,STUDENT_LEFTOVER,False,10,user13@impactloop.demo,تامر سلايمة,INDIVIDUAL,نابلس,True,True,Reusable Relay Module listing prepared from documented graduation-project hardware data. Suitable for practical prototyping and learning builds.,"Repair, prototyping, maker projects, and practical learning builds.",relay|electronics,,قطع الهاردوير.xlsx,5,MAT-237,10,SOURCE_NORMALIZED,Normalized directly from source quantity/price fields.,DEMO_DEFAULT_GOOD,LIKELY_AVAILABLE,,CENTER_OF_IMAGE_ANCHOR_V2,xl/media/image3.png,materials/MAT-237_01.png,True,False,True,HIGH,True,SOURCE_BATCH + SOFT_AFFINITY; category is not a restriction.
MAT-239,mat-239,12V valve,Pneumatic Component,motors-mechanical,1,pieces,GOOD,STUDENT_LEFTOVER,False,20,user13@impactloop.demo,تامر سلايمة,INDIVIDUAL,نابلس,True,True,Reusable Pneumatic Component listing prepared from documented graduation-project hardware data. Suitable for practical prototyping and learning builds.,"Repair, prototyping, maker projects, and practical learning builds.",motors_mechanical,,قطع الهاردوير.xlsx,7,MAT-239,20,SOURCE_NORMALIZED,Normalized directly from source quantity/price fields.,DEMO_DEFAULT_GOOD,LIKELY_AVAILABLE,,CENTER_OF_IMAGE_ANCHOR_V2,xl/media/image2.png,materials/MAT-239_01.png,True,False,True,HIGH,True,SOURCE_BATCH + SOFT_AFFINITY; category is not a restriction.
MAT-240,mat-240,NEMA17 1.2A Stepper + 3D-Printed Powder Dispenser,Stepper Dispenser Assembly,motors-mechanical,2,sets,GOOD,STUDENT_LEFTOVER,False,60,user13@impactloop.demo,تامر سلايمة,INDIVIDUAL,نابلس,True,True,Reusable Stepper Dispenser Assembly listing prepared from documented graduation-project hardware data. Suitable for practical prototyping and learning builds.,"Repair, prototyping, maker projects, and practical learning builds.",motors_mechanical,stepper NEMA17 1.2 مع طباعة (3d) عشان تنزيل بودرة زي القهوة,قطع الهاردوير.xlsx,8,MAT-240,60 with 3d /// just stepper 35,PARSED_BUNDLE_UNIT_PRICE,Source states 60 NIS with 3D print and 35 NIS for stepper alone; canonical listing keeps the complete 60 NIS assembly.,DEMO_DEFAULT_GOOD,LIKELY_AVAILABLE,,CENTER_OF_IMAGE_ANCHOR_V2,xl/media/image7.jpg,materials/MAT-240_01.jpg,True,False,True,HIGH,True,SOURCE_BATCH + SOFT_AFFINITY; category is not a restriction.
MAT-241,mat-241,Wooden Frame + Slider + NEMA17 1.5A Stepper Motor,Wooden Motion Frame,wood-boards,1,set,GOOD,STUDENT_LEFTOVER,False,120,user13@impactloop.demo,تامر سلايمة,INDIVIDUAL,نابلس,True,False,Reusable Wooden Motion Frame listing prepared from documented graduation-project hardware data. Suitable for practical prototyping and learning builds.,"Frames, enclosures, assembly, and reusable prototype structures.",wood|structure,هيكل خشب في حالة جيدة مع سلايدر مرتب و stepper NEMA17 1.5A,قطع الهاردوير.xlsx,9,MAT-241,التواصل على الخاص,GENERATED_DEMO_ESTIMATE_FROM_PEERS,Source price is private/negotiable. 120 NIS is a documented demo estimate using NEMA17 peer prices (40–70) plus comparable rail/slider hardware in the supplied files; exact duplicate MAT-224 dropped.,DEMO_DEFAULT_GOOD,LIKELY_AVAILABLE,,CENTER_OF_IMAGE_ANCHOR_V2,xl/media/image8.jpg,materials/MAT-241_01.jpg,True,False,True,MEDIUM,True,SOURCE_BATCH + SOFT_AFFINITY; category is not a restriction.
MAT-242,mat-242,DS18B20 tempruter water sensor,DS18B20 Temperature Sensor,electronics-components,1,pieces,GOOD,STUDENT_LEFTOVER,False,10,user13@impactloop.demo,تامر سلايمة,INDIVIDUAL,نابلس,True,True,Reusable DS18B20 Temperature Sensor listing prepared from documented graduation-project hardware data. Suitable for practical prototyping and learning builds.,"Measurement, monitoring, robotics, and smart-device prototypes.",sensor,,قطع الهاردوير.xlsx,10,MAT-242,10,SOURCE_NORMALIZED,Normalized directly from source quantity/price fields.,DEMO_DEFAULT_GOOD,LIKELY_AVAILABLE,,CENTER_OF_IMAGE_ANCHOR_V2,xl/media/image5.png,materials/MAT-242_01.png,True,False,True,HIGH,True,SOURCE_BATCH + SOFT_AFFINITY; category is not a restriction.
